,pc_1,pc_2,pc_3
0,-0.7901123987451658,0.49266796176945454,0.003668224743432577
1,-0.9165929992930371,0.5065670520731427,-0.08273550461772657
2,1.4103048418336264,-1.8573639814381055,0.33587181437064717
3,0.8284539949763793,-0.40378077117347955,0.16066130069878642
4,-0.9747905137730127,-0.10239534324307484,-0.20502825925629875
5,-1.150690774090296,0.5623824393084385,-0.15880035775544551
6,0.30024577886005255,-0.4698291039979367,0.24621648344983155
7,-1.2493054437966762,0.5558327751280401,-0.19022019479648794
8,-0.454779237473831,0.4596195410583033,0.029198666108067973
9,0.3895784141288622,-1.3034959200386615,-0.014526068900587333
10,-0.5595485112857158,0.08325667927906169,0.0013544382419264282
11,0.3726326462439646,-1.0044968960802652,0.09554906657818825
12,-0.6991272721096642,0.6417989901589388,0.009935356184880227
13,-0.9258983042778279,0.42941603857753946,-0.08283288560995616
14,0.47003244854855253,0.16311979001331992,0.41125324143978337
15,-0.2692250086036612,-0.3518639223884937,-0.013815545625842258
16,1.4039512955115876,2.882560090976945,1.7404949438510091
17,0.7817640038132332,-0.7860218595514185,0.3712241884522139
18,-1.2464231429306567,0.28118864105611396,-0.2715563311376174
19,-0.06876869132035912,0.1523374070767288,0.19504506463511906
20,-1.728147885542071,0.2841217541222585,-0.45336963186948154
21,-1.1052129317427692,0.47427671658264464,-0.19969859919304891
22,-0.47502412524588533,0.357581859334397,0.09259435465951092
23,-1.4656664702054543,0.00595535759246068,-0.3534534654369933
24,0.5741121366682487,1.5702585695947655,0.7290995193354294
25,-1.2599405341627363,0.46795870493929365,-0.2075254880888214
26,-0.06033854894706938,0.553277317702004,0.27534956406954064
27,2.446788996701012,-2.5807340423728,0.41295012401530834
28,1.658294271093817,1.8548884259930194,1.041907418718478
29,-0.7725552977798414,0.16868021285981036,-0.05100455831780518
30,-0.9176896052587928,0.8179454062174831,-0.060276010703907895
31,1.561061022543705,-0.6190871873501953,0.37994241436049314
32,-1.1553689098264368,0.37501482562692096,-0.16746941849841196
33,-0.0992504150813617,-0.18106784309539864,0.1819249049495603
34,-0.8406064395075248,0.46220892529483615,-0.0990255581954651
35,-1.5543153355567547,0.7570599520453966,-0.2474211756407587
36,-0.48511815862326096,-0.17491566279872048,-0.03426469317441633
37,-1.6723814272827326,-0.07520829272955082,-0.4993691425314829
38,-1.9161655077510842,0.19259499447994813,-0.5878771925722042
39,-0.748459517242148,0.07198015627101637,-0.07494787823418929
40,-0.5091815635086169,0.26610188402411616,0.025859814297142607
41,6.764080961850597,-0.6567140289576016,-0.43147565885768807
42,-0.7913271280108525,0.6436202577522584,-0.048645874896027785
43,0.700916309157511,-0.5815756049502948,0.30179321421452554
44,-1.0464988346739985,0.3435385355303172,-0.14399160595428237
45,0.6186842615844701,-0.2220390878306113,0.3284028705702196
46,-0.2876439478450765,0.11746145165403506,0.017940734295742864
47,-0.4117284287169827,-0.19299680825589047,0.0417751241076008
48,-0.08173541994267086,-0.30872592213072947,0.07161310526638036
49,-0.08244610338864038,-0.22821906872877512,0.08908308961043625
50,0.8149783478018461,-0.006194130626537083,0.31222242866480393
51,-1.8284655754757224,0.21476476597708533,-0.5126268756473806
52,-0.6575584190446507,0.5067762203287949,-0.03345439413073914
53,-0.41827412933667085,-0.24656610386889108,-0.02876292143366566
54,-1.5208180123151334,0.38159700654314066,-0.3449619735483689
55,-0.5429673320085109,-0.03234314790667572,-0.01028412437110413
56,0.1091711380174599,0.2061681911395846,0.13836748012893413
57,-0.8702589908825944,0.1384974513626845,-0.0881501504987414
58,-0.3119563045776978,-0.06638180142224057,0.026533902914052675
59,-1.9416233225947968,0.33322376361137485,-0.5229842695529957
60,-0.9281577360347576,0.28791919702062263,-0.13278441626588522
61,-1.058012122710823,0.5463738683272148,-0.18536293100702486
62,0.1335483270708742,-0.6835657257615236,-0.03691249721011341
63,0.9238993311875356,-0.8189918832974972,0.3372648667055566
64,-0.08116773860208748,-0.0828589300010485,0.08304688981545925
65,-0.3617477634367603,0.8434093027455454,0.1697746038719966
66,-0.8727392610886762,0.31139198026164794,-0.036207345056711936
67,-0.21355908019566494,-0.21330681277234806,-0.007861134762261779
68,-1.133224288289317,0.6128649968463722,-0.15359552703277987
69,-0.6422540012631903,0.48890757057243084,-0.09100981765091935
70,0.3621459683460289,-0.6231587774291053,0.11853794542716259
71,-0.618686411750275,0.028008158040370087,-0.08961080826758512
72,0.7386451861360687,-0.4544860215872286,0.33666484595896107
73,-0.4668434248111228,0.27284102130996263,0.03344873275812329
74,-0.5293477657129118,0.35906310621947324,-0.04187826986884439
75,-1.4988609008414242,0.12014402360488545,-0.42612689512907054
76,0.2076961041315229,-0.5221259904027463,0.07936050763468835
77,-1.0515292640667686,-0.160873327788718,-0.19314932534719872
78,-0.5518746600649153,0.8201778810637838,0.08291933075455384
79,-1.3136897752200165,0.3725595682617951,-0.30250853743158096
80,10.582564747117692,-3.371868128941417,-2.377723274219687
81,-1.3682084076967527,0.4649994462709252,-0.29772523377097565
82,-0.5850051678667729,0.2863940587896778,0.025020333140497314
83,0.5028809286019543,-0.6625732810065215,0.35768079667292085
84,0.7551248424360908,-0.8810621455549388,0.1545522722446305
85,-2.1756230551728506,0.38915110827252825,-0.6529609497298755
86,-0.9983006762204611,-0.0553057499398741,-0.19361863153561995
87,-1.0514328054691122,0.31650709455029646,-0.21876974906195276
88,0.77791714152855,-0.3565596277678923,0.398064083035254
89,-0.8797604556034396,-0.07186691131670699,-0.2755825127430985
90,8.129970063725443,-2.635088717625372,-1.3373382003584104
91,-0.5910824083522502,0.13637204503390635,-0.08612317728575809
92,-2.2138784044821143,0.18708982446473643,-0.6919713189431028
93,1.807342552786866,1.315437671395567,0.8892295406546445
94,-2.085942962838946,0.31971315034399894,-0.6397637164940009
95,-1.096260997921984,-0.24160102897918517,-0.23855033999672368
96,-0.3916258696006971,0.723660828339825,0.15360863002243894
97,-1.2057794654850966,0.6619252424345704,-0.16659527180777664
98,-0.5372543251770868,0.7736627202537936,0.15275021779303155
99,3.5951689062018484,-2.8105884119626903,-0.20984960999068683
100,-0.16396531953427884,-0.2652483987749868,0.18107964783888386
101,-1.279154557116357,0.4255199929196369,-0.18058697355867614
102,-0.2740286024401548,0.44138779710201276,0.09368299538328673
103,-1.3537829980675615,0.37074369231581,-0.2625336494722401
104,0.30839495256974114,-0.2382366373031866,0.25612406912890134
105,-1.6496174392501617,0.14218074069093425,-0.5053301824212911
106,-1.3892829586094755,0.32543587613542185,-0.25524084445516415
107,-0.472512293070588,-0.0036133481665787653,-0.0822695167112228
108,-0.1326639897992907,-0.36814356385286756,0.10304530113116854
109,0.7718137929484954,0.22713224933463677,0.2763425296314876
110,-1.0387341291463514,-0.0860478717615606,-0.27934430953593226
111,-0.15742656619547057,-0.6146359035833724,0.07941198719876143
112,-1.2822019875432962,0.5585283334484556,-0.23199656338058902
113,-1.3311433784576352,0.6332412194956024,-0.2162614575890328
114,1.1777993670710323,-0.670732446158987,0.45420787866500045
115,-0.3498664822508501,-0.8677007271846927,-0.11191030157161856
116,-1.5121256984868416,0.055867996991714235,-0.4196856017918894
117,-0.8695760595713278,0.3791257229873158,-0.06853233046087834
118,1.472233675971156,-0.872113936030132,0.3569609464301369
119,-1.9588907761495058,0.25177935677472185,-0.5925561514949278
120,2.180749548754486,-2.674211601492971,0.5392177402880196
121,-1.3205014342694879,0.2894685248530258,-0.29605167275922
122,-0.4379324534355232,0.7709895515783667,0.13715137868968982
123,-0.3377686596434197,-0.7846358049800033,-0.0916148855766452
124,-1.727457808425563,0.3052934901473344,-0.45584088078640433
125,0.4599908669217841,-0.27346963433620347,0.21679909293814523
126,-0.6166772141696073,0.2140876667451509,-0.0008932926274089619
127,-1.0211597819267553,0.549284451285864,-0.17887880230915043
128,-1.2356801265427257,0.5468838908920863,-0.15402965413059103
129,-1.2969368429525119,0.11640293116106519,-0.24167671049028483
130,-0.24499747592598797,0.018273564267837984,0.00991368583092382
131,-1.339226476612388,0.5527689011805894,-0.290309569225628
132,-0.9180463029662407,0.09502704364331324,-0.17924149732271483
133,1.594369247118463,-1.7289731580040466,0.23631638746731343
134,-1.4765431285666928,0.3020020202699238,-0.3698298809799684
135,-1.0957034767378249,0.44866785491468025,-0.10551286877720265
136,-0.817587970174548,0.6448891931337568,0.02945036418446616
137,-1.3079491124085951,0.6373131174748916,-0.19287088305639374
138,-0.949732566942958,0.30607347307266247,-0.15075234775937918
139,0.378573623532938,-0.10563398940880991,0.18500673737980705
140,-0.7644808103839179,0.3124502130251298,-0.13424129803631887
141,-0.38904428784546025,0.8378203296884573,0.26351411610499925
142,-0.24522001869919305,0.231749440298117,0.1318108160526564
143,-0.26359555802260526,-0.41146457544418935,0.0714000398577096
144,0.8967690297856403,-0.481981371501186,0.471784746836402
145,-0.787080309849722,-0.19050227194548455,-0.12628030178474145
146,-0.6676890720529317,0.4585947910028642,0.0012384805727771084
147,-0.09651559578563793,-0.7786997369993347,-0.030274947981856468
148,-0.5264072687155147,0.2531780705256827,0.0797159086198391
149,-0.5403348388597075,-0.23618177082735053,-0.03847408908065163
150,-0.8286566276511931,0.31406307674866085,-0.08680040413483511
151,-1.0524800189759238,0.38212446210213546,-0.19310362914759613
152,-0.24176683861156975,-0.4020855540151117,0.1374032142811232
153,0.28865942624960605,-0.579802542863563,0.2515507905963757
154,1.3981641775157798,-1.0238839918927918,0.4684091071402788
155,-0.4327535615421059,0.28660511983328607,0.08842242212372826
156,0.7262422538932247,-1.2397755719857109,-0.10018144359196952
157,0.8312864981212624,-0.38259340129849395,0.3358585104450495
158,-0.09237690637866562,0.3763564171751574,0.24405453600722854
159,0.6076572880599899,-0.7347351723176255,-0.014084733207244083
160,1.7517496290718717,-1.3888406625791638,0.5331860798832371
161,-0.6497287163201935,0.8032712233278094,0.0657934054088888
162,-0.5338906842978037,0.335980861651504,0.028268993418143908
163,-1.0088939993555028,0.5444484557900151,-0.10187377211320435
164,-0.05854903801461433,-0.45628916589892327,0.12819428893753315
165,-1.5575228811313153,0.5596895705174736,-0.31725546619989187
166,-1.0980938411499732,0.5873298822132041,-0.09790834130234247
167,-0.6980265797763252,0.049400742667647296,-0.04390857335194266
168,-0.11507147120672767,-0.6469774796406046,-0.07197533834990831
169,0.8546093646084921,0.2258918115671916,0.3960190699510977
170,-0.49508739051578343,0.026120321253721105,0.11568501498607475
171,1.0512726356976871,-0.9089158892512124,0.4091058579147041
172,-1.0790075518817348,0.5462265393244377,-0.18828030781727845
173,0.6613963282793852,-0.09809275637889592,0.4501710424089057
174,-1.0388260531619007,0.691191554942563,-0.14384208305148835
175,-1.2854883808557664,0.836313807951373,-0.1154813449268774
176,2.074990151360395,-1.3142924266651024,0.24539920391885847
177,-1.4174662805703246,0.3847181785761961,-0.3029545948509545
178,18.699510113151504,7.014557914252926,-1.1991241602657998
179,-0.9531810272832866,0.39028282296447303,-0.09257748889360665
180,-0.3183778979731812,0.3679159909566758,0.10456752013842315
181,-0.7556689174394209,0.8843117609830152,0.09000477397516217
182,0.8046039280266174,-0.5877787816343435,0.3097683519955369
183,-1.635669139052296,-0.15230482010393753,-0.47972705540846433
184,0.70507332923452,-1.302305628468967,0.20165927941156228
185,-0.7380657035829927,0.4055946785776247,0.016031555720509155
186,-1.1067287425499879,0.23458068911411098,-0.1783273077908335
187,0.5764136302547622,-1.129006677973461,0.09399320169095918
188,-1.059169675840973,0.20749764044488145,-0.13191945814299227
189,1.1880811087594902,-1.8570682486712362,0.2813943107824551
190,-0.9726776911941238,0.3364033660875171,-0.15880948855021298
191,19.76619335370392,8.035020840925942,-1.2856593628599164
192,-0.5709429124208673,0.19322225798592135,0.0691912236466135
193,1.106075276386831,-0.9027559523576179,0.2593302317377603
194,0.2977756925693206,-0.2209530043185898,0.1615523972978005
195,2.7942674578853683,-1.934201358393304,0.32437766302376064
196,-0.767359359106527,0.45434148285382175,0.00047052477042802666
197,-0.8995964784800691,0.5220167697606716,-0.11038127017174253
198,-0.049943332649517655,-0.5241297646170086,0.034070625754914936
199,-0.383175845424904,0.1918059265720572,0.042814503791270345
200,-1.5991650281104464,0.3055927770732599,-0.3791168001983748
201,-0.7004710441171774,0.25184751511145914,-0.045744905504733833
202,-0.5320227335634672,0.5391787133723506,0.14517994227390119
203,-0.4993291296151628,-0.5172673273350543,-0.0820656935416032
204,-1.7522416088352606,0.046642109238598815,-0.5198882564480152
205,2.0776924354051753,-2.3812081537941268,0.46624305942994243
206,-0.7212101099663952,0.07374302774208277,-0.12310446880667753
207,0.5465646986303531,-0.41533490691142194,0.08262962192270851
208,-0.6323986889965661,0.6575289066554341,-0.02437100184995363
209,-0.48964606576954584,-0.40266729910118737,0.010183810583113313
210,-1.3873361387957153,-0.118924783761346,-0.4251476459925042
211,-0.609301948832638,0.4371725486640584,0.018553484324865206
212,-0.6759194169206449,0.5425726589291917,0.004426984952147583
213,2.9710334695215206,-2.207906993658015,0.0005992338021601452
214,-1.089285872079148,0.4887304756595003,-0.13937969491969257
215,-0.10027305754417717,-0.45476357066303824,-0.03094595336768985
216,2.107263070214206,-0.5395030950439675,-0.23808763110009631
217,-0.6877568261163014,0.5457262529025181,-0.08831475630511469
218,-1.1427933115577373,0.305507728887964,-0.16358226983271576
219,0.7732420575434491,-0.8910135841786107,0.3110487586119309
220,-0.38826522499060195,0.1412911697030368,0.10418170008312777
221,0.3832359710516553,-0.569740568796516,0.2408694105898486
222,-0.7764952693537843,0.26769856696431255,-0.041454988333436665
223,1.7411996657136453,-1.4069571066001816,0.5726177746464135
224,-1.4194873398252192,0.6243180141140294,-0.27902832802398336
225,5.783612802446712,-2.916722334473582,-0.11612841991464902
226,-0.9103796978715488,0.6313148330177726,-0.10850528719666874
227,0.26237089395616464,-0.012093189278429997,0.33462101453425475
228,1.116943627931491,2.03644385251027,1.3882955798270122
229,-0.516242987757185,-0.011135340611749617,-0.03854698196268995
230,0.6485026131915347,-0.5128064082068073,0.10664107603285547
231,0.6715573983908745,-0.4831898894671754,0.31699818731053736
232,-1.5085089896606505,0.4588500710075411,-0.2885987178284863
233,-1.191257562762858,0.4067775076198666,-0.22815142895514082
234,14.358424478363997,6.097025064671162,-0.7767108486781218
235,-0.9649384766616038,0.2910359511762672,-0.12145079144990092
236,-0.19355533235472458,0.6441293982920103,0.21427789214493706
237,-1.450732432910732,0.6441965546904819,-0.25843035118776236
238,1.411320032735055,-1.3663865197940361,0.3806609255749508
239,0.787506924339945,-0.6329010651657901,0.2726887424281125
240,-0.30448162332442447,-0.8911604596397886,-0.05071728570367039
241,-0.8309746078410948,0.03295699765714985,-0.14210722608237986
242,0.09011591804620482,-0.45405219931971663,0.0571534200419383
243,-1.2007400952014082,0.4697782291298045,-0.19085454851956404
244,0.5474450173304504,-0.0914643463287585,0.1683036086137603
245,-2.1167035703282937,0.32062179495908644,-0.6467041736036482
246,-0.1521737055810117,0.7884448065500909,0.17841414266584033
247,-0.3491727411519087,0.05103949366203849,-0.0070332696325152225
248,0.2833620458112291,-0.7517700686102944,0.17266383239342273
249,-1.181559400721403,-0.23844326292739745,-0.2766866868638984
250,-1.0016933672583033,0.5236022594024997,-0.1453228811541869
251,0.28945003955470644,-0.5378986575175922,-0.0291970592389681
252,-0.6066846345903637,0.6028058409060467,0.04331417511905458
253,-0.777917301196946,-0.14225425657685659,-0.18775465154525597
254,-0.041718299595624175,0.10203669564905898,0.2479789582466296
255,0.2071937466094114,0.5714580494871807,0.16799017303326297
256,-1.0628190726917317,0.2618143174282149,-0.17505299548865544
257,-0.6018002365711911,0.06768953619878368,-0.09312051906538032
258,0.44675122375623344,-0.4505194111001821,0.3625154679180514
259,-1.6515683529309089,0.37134371723794346,-0.3851542532480273
260,0.23777382835737226,-0.3516615672900841,0.010178098348550544
261,-0.31356400440700855,0.5666419979730482,0.14934667509124283
262,-0.41872219269762495,0.1825050602615368,0.10306680028480365
263,1.0575719581872347,-0.19897466253610213,0.5320636465313472
264,1.1345262361107677,-1.4439525831170315,0.023369430609495402
265,-0.5230327665585753,0.3218701691182512,0.09319014750446647
266,-0.41013266975918505,0.41639868558683335,0.11212767724624839
267,-0.8606863447590903,0.09157698272276871,-0.1333477988556921
268,-0.2640297894488637,-0.5861156118471672,-0.16562728450356687
269,0.031638008187259356,-0.08739012401267661,0.09780919303741784
270,-1.3132256900828,0.5864116626635395,-0.21261196348418532
271,0.03260087980422045,-0.10803662669569761,0.12345860674115151
272,-1.2157002010397744,0.44343414613827226,-0.2162853205523262
273,-1.015685068336966,0.6757620530096696,-0.12237405536644455
274,-0.7998557095092023,-0.0024090551924417576,-0.1117399221496213
275,-0.7980459737032198,0.049517976622047113,-0.025072726122546237
276,-0.5885555618872147,0.23031413514188634,0.01868006561674088
277,-0.8194326928130135,0.4055484150422052,-0.07643616346142812
278,-1.08105940636037,0.5280366422050946,-0.21873280012749766
279,0.1995311217630464,-0.5296846332910409,0.15941549933415053
280,9.687953089481798,-3.064598196074801,-1.176049884366457
281,0.5861411267445787,-0.7137044127532852,-0.057259346752215716
282,0.17930444539133975,0.5612871766018455,0.2765888685372374
283,-0.8299595507740745,-0.22516306704618333,-0.13578445607018658
284,-1.3883628691387166,0.4173056603532218,-0.23674379255238112
285,1.6480660336057962,-1.4131780813062342,0.11556469334142287
286,2.4149921341002125,-1.267829706907641,0.28695236587122647
287,-1.049916931201964,0.47764662476195513,-0.10411036620423834
288,-0.0353615162884376,-0.768043255236982,0.003725866780205022
289,-1.08598390084144,0.21630527646792194,-0.14451909827862122
290,-1.3235153232142383,0.621968980944968,-0.25458388134812443
291,2.921976956562781,-1.145257928825808,0.18714257480348764
292,-0.25009448985985,-0.5904351065051429,0.11483437188369498
293,-1.337364263242196,0.34783479871379963,-0.24621166063736918
294,0.3168851697235583,0.028951420645095267,0.24080309701141686
295,-1.1320479970105435,0.543516769982243,-0.16599397880731476
296,-0.5715924171442883,-0.5208493352545447,-0.2583260791528272
297,-2.1463762228942005,0.24735958843146352,-0.6721526147582396
298,-1.6144367691251398,0.18440529850543302,-0.42708094581929845
299,-0.602287509130784,0.5920554549316185,0.13301098726729202
300,0.39414665375692365,-0.2863645993208967,0.20844176038299553
301,-0.22272512961407115,-0.08216953264071519,0.12012306603704727
302,-0.7462269760741506,0.15332671503138467,-0.08613360654596827
303,-0.7067903382939907,-0.09315507367301648,-0.18282420093046195
304,0.8262353521190593,-0.8606714149746536,0.3175278584356241
305,-1.3252775696687462,0.8274459126312369,-0.13726571363310583
306,-0.3898667980256622,0.5905190320355398,0.08847272004714236
307,3.514164370278921,-1.038200328797045,-0.3531085558676268
308,0.11744351316565298,-0.187231132680804,0.14964160908020532
309,-1.2877638543063437,0.41439085468006326,-0.23081583480412657
310,-1.3072633810926049,0.04974426174583978,-0.30976759174032653
311,-0.2571954299693965,0.48757768623445663,0.13805744006074822
312,-0.9512555255728609,0.18166499930793945,-0.18443320556143525
313,-0.939101329918633,-0.3367437472170116,-0.1606985800141964
314,-0.2229742750859417,-0.3266824239299919,0.061751598206067106
315,-1.369428981292269,0.07424143119139714,-0.28765324810622833
316,-0.7167035794985525,0.7612239112651557,0.0635837945114534
317,-0.587387092652401,0.08019766871380007,-0.012816098517058288
318,-0.9777520031124876,0.19120385270408902,-0.1795093904590479
319,-1.112840632903671,0.7532164689673148,-0.11160778476750743
320,-0.736846955206938,0.21277063787762523,-0.04697852857281067
321,-1.4188112831101016,0.5293622689568939,-0.24816418607498567
322,-1.1135924945698579,0.6679370798233577,-0.07805268917861918
323,0.1440253168094772,-0.36130135681348763,0.2436915681682123
324,-0.9622783315841511,0.3793600674116483,-0.16524737753523175
325,-0.8292384538150313,0.291667479316843,-0.03688148119579912
326,-0.26676034849708363,0.22712327059136783,0.06262659651154538
327,-0.28298597900633443,0.9048347590192742,0.19059769756729755
328,-1.4301027691810035,0.47284760383841423,-0.2461088835392617
329,0.8233814943895894,-0.4740697401059652,0.22198390762661044
330,0.26544462098790467,-0.7169752577396113,0.20341632881604785
331,-0.7654648287753557,0.3227982090343882,-0.05861492220797995
332,-1.5241374665950893,0.16672722405138918,-0.376227579266103
333,-1.145058114012857,0.4271114571574453,-0.21363499863877447
334,0.4274869793083152,-0.5635247718311882,0.22899216369742606
335,0.4848537344024259,0.6026889528276079,0.2641552830623224
336,0.19795822812395092,-0.5130777042634195,0.01639857737976814
337,0.48528328850800034,-1.147766957407118,0.14896828993434222
338,0.6335385593215682,-0.715221930279297,0.17214471482142807
339,-0.10467942691560064,0.25876214896418287,0.14712450804888144
340,0.7470664268668028,-0.9667066948136914,0.36760440607705264
341,0.3373058303721142,0.38564067717272965,0.2091445937577039
342,0.11203033497643591,0.7426967584035081,0.3587078043040838
343,-1.8400101327896454,0.21683581513179753,-0.5148363827203751
344,0.3473917741634733,-0.2945013620164781,0.3129841396323695
345,-1.0144052716940786,0.472078077147205,-0.17174912675265394
346,-1.6891245210113168,0.6278983137547908,-0.3081577004976086
347,-0.1654041955191609,1.0365738479507978,0.23935827564885667
348,-0.4488658993736424,-0.15934509206396974,-0.035193300655332896
349,-1.049904653645133,0.7524976051070513,-0.10820629830873539
350,-0.7371664398338494,-0.5305384042654889,-0.16661451935962865
351,-0.18802926954725066,-0.09764778976062877,0.057559322710246726
352,-0.3465523059236822,0.05624790531667663,0.0531128501371029
353,-1.29110155304598,0.35890960874280076,-0.2567986905796293
354,-1.0476983928321173,0.6037074964356876,-0.11506517694823698
355,0.6599610459177078,-0.09041633631937544,0.12902730752789635
356,-1.3079583570143118,0.03542737054227254,-0.2919914949177547
357,-2.1047668614104507,0.23352944086797134,-0.6339422321451909
358,-0.41957342113978746,0.07958521272068093,0.060205833305085915
359,-0.6249972315777452,0.44438434892590006,0.000342984340730326
360,-1.0230472028311401,0.6721428043982338,-0.05194913704738544
361,-0.24721198154251095,0.03797183827120542,0.09899709862556422
362,-0.7448807652857838,0.26775927472212535,-0.07194815090439018
363,-0.22842615777297812,-0.15427569901789204,0.11083378429438913
364,-0.8051674137658282,0.29993051990903064,-0.1139147622954645
365,-1.0192243241777865,0.20326521033175635,-0.2044081002180976
366,-0.6576300663323367,0.5221223868645183,0.04031393031687039
367,-0.08855087805090191,-0.162130782832775,0.02367033837214118
368,-0.8403719509953498,0.06592397870743304,-0.08055079003705548
369,-1.1621951812840239,0.4095675309530832,-0.23360186693150362
370,-0.256899104660024,0.5587526005191022,0.1940910924741279
371,-0.012338733219353219,0.011703915879611866,0.18380254640201493
372,4.247480074533597,-0.8080300791568278,0.6617164809190523
373,-0.04501974083088523,0.08262733507999903,0.13061150056868787
374,-0.21507322133183035,-0.26548054530810183,0.06126224456003447
375,-1.7193466957261296,-0.09425152834483096,-0.529582424448146
376,-0.9044954812118245,0.4941141770923156,-0.057876244036009765
377,-1.013199377290799,0.6814843952913703,-0.08619829183519123
378,-1.1452544167087604,0.5252320455916136,-0.1263962159145499
379,1.3327245186158065,-0.6040710445578403,0.39044481383899193
380,0.17403224280262958,-0.07177188253316209,0.14450167262270888
381,-2.0029576453472595,0.16925875407742247,-0.5808998557417056
382,1.4718508342421046,-1.7711216617832661,0.168993039344573
383,-1.6542584910649052,0.4439731539887826,-0.38543462244153465
384,-1.9629535067703354,0.27654061017951187,-0.5849081633714396
385,0.4745375827179946,-0.6632477624633166,0.3416747065658095
386,-0.5206031002802142,-0.1519895653681514,-0.039567913876641304
387,11.366065467478576,5.648729700815327,0.8243497449850022
388,1.0493770852896338,-1.3021989348099405,0.26418004839597675
389,1.4075008608147577,-1.3077972113628684,0.2495822584714355
390,9.865912065771479,-5.440795701378818,-1.321914274821846
391,0.024709190036027503,-0.9564013338167773,0.11004840905196589
392,1.8632298621629522,-2.1152063217575074,0.3111243416344781
393,-0.5860936133364144,0.043493639673073445,-0.04472843642226098
394,-0.3850746812519602,-0.11011950903691117,0.007175200557656728
395,-0.6020666120173982,0.3257626381774175,-0.026614217832714962
396,-1.2402227442341789,0.521807162642403,-0.24704666513569137
397,-0.3595003120926574,-0.3635942028547934,-0.11196036814040362
398,-0.8744945307756873,0.37879642594620616,-0.12430348866993277
399,2.643733734200725,-0.5311330610409779,0.7654821353426814
400,0.061137819777248775,-0.043967386064522856,0.31197037964983726
401,-0.184574262527487,0.26623928442813677,0.17973020939675058
402,-0.4599822762585427,0.13883628830742858,0.03176791287907931
403,-0.6799845485019682,0.364201926193687,-0.00822284709240695
404,0.23038801453574276,-0.39897588006829143,0.16607699222805777
405,2.9315164875539326,-3.232841361236666,0.5119888151362108
406,-1.1932881711291494,0.4668201712729998,-0.15382940624942867
407,-0.2670510990333195,-0.03840691179654524,-0.04959576320520016
408,0.7992435361137223,0.8497888054923861,0.4959263337753469
409,0.3404493565913895,0.1609926832162683,0.42509511894724344
410,-0.43880126952373444,0.26870001965793777,0.019694408808695673
411,0.5693780872093324,-0.4627761509783722,0.2519356424306575
412,-1.8343140602701777,0.47075154447677436,-0.4887004392048936
413,1.1681051870057058,-1.5976801659257764,0.2955603898045802
414,-0.3952974929983328,0.8179103456541241,0.13773227054542223
415,0.741813661524849,0.18614105467637956,0.48062270499614507
416,-0.21467186990694276,0.1828540655455006,0.0937003662709488
417,-1.2400417727469788,0.25423532003886706,-0.2873284304076987
418,0.521000073291458,-0.08705607562164604,0.1977245082911446
419,-0.4007136097559559,0.31947545814143735,0.09709709282861621
420,-0.5613328571808734,0.30929883019721904,0.06839101534814457
421,0.34650923797068683,-0.6914066282651319,0.23989364361497173
422,-0.42828583973258516,0.8107781854474582,0.22078200255326522
423,-0.5106217733734095,0.23661141629390456,0.042804469979694525
424,-0.8449366318776574,0.041298422741303485,-0.09006749559697329
425,3.0052935134491086,-2.6420310917982865,0.13232601453902784
426,-0.026328759664013542,-0.571427471225639,0.11342720203016682
427,0.05713923327375837,-0.4276794572425373,0.0671777405482968
428,0.5593635137192371,-0.5670914437871543,0.26832534526018587
429,-0.4304305199969781,0.46932897864559514,-0.052815241967812954
430,-0.31641087765351844,-0.04373637384734725,0.08219270222826128
431,0.8528739739711161,-1.1542188197565162,0.41408175160306326
432,-0.9018782203576975,0.22324637333531636,-0.1818109523850483
433,0.5042877984186664,-0.06344109120057699,0.27566911385721504
434,-1.089728666718093,0.6855719842369196,-0.1641948361492556
435,-1.1853955613833782,0.39423450801318727,-0.18198814385033174
436,-1.5012548792361362,0.7136736469007531,-0.27722310248441784
437,-0.33296632676060994,0.9336045167115368,0.22380117228433485
438,-1.0590185694675947,-0.25364538891360094,-0.34923084091866213
439,-0.8322797711968154,0.24813745351628838,-0.01993683907704152
440,-1.257623628768603,0.8267860643733962,-0.10458969441076364
441,-1.3280176721487658,0.16534820950939938,-0.3272509447051049
442,1.1796858813211584,-0.2840266695348736,0.39001281440315166
443,-1.1050747667840695,0.6781296254906202,-0.17826494284699776
444,-0.5332890622296513,0.5954786612567037,0.2350712695024614
445,-0.26050385291819234,0.5839141680513138,0.1824527178908966
446,-0.499213101166193,0.5664461687833602,-0.031707140359357025
447,-0.06542274190321827,-0.8410145180654964,-0.014836433830178075
448,1.205733263698788,-1.6851326430622422,-0.06079110330584608
449,-0.8583966675931215,0.29497381967142744,-0.09737042457481658
450,0.3817964871445021,-0.44982541819802496,0.16032922682881146
451,-0.5594361129563549,0.1659291964247377,0.026999662908684326
452,-1.2928846799304543,0.2843157638475679,-0.3080708403099941
453,4.9116553192924455,-1.3581816631623582,0.22970262898634017
454,-1.7652914755822173,0.11942195950258973,-0.5485336962104906
455,-1.528982626000923,0.5240426644251063,-0.2967629094276391
456,-1.203450266864024,-0.3282475372559981,-0.32167634515671356
457,-0.09942201015415919,-0.27522421031411815,0.00016837213292880408
458,-0.3075370711341416,-0.03837477095561156,-0.0018597949889068086
459,1.3773634222018463,-1.0156273121555683,0.49416430701378555
460,-1.5012542619470732,0.482228713675833,-0.34620729752691837
461,-0.585113895364513,0.004682914868115415,-0.05905247411226974
462,-0.2756786353074349,0.29229847931315595,0.05542560587945528
463,-1.285710848739565,0.09953738841160606,-0.2423536334409941
464,0.9703001669334198,-0.14004092464411497,0.6051614501573168
465,-0.7062225781378196,-0.4871613024257013,-0.19237290954691905
466,0.36172889911596107,-0.758634472836992,0.16509956241200388
467,-1.3579654969312804,0.290653955913834,-0.3347579913293407
468,3.7273556070788523,-3.2486095723169592,0.6814716922412318
469,0.8353038932373925,-0.5202917993725173,0.44235184054133775
470,-0.8746933533588948,0.7325659097822191,-0.05333419528237534
471,-0.3033388786682833,0.6571646148322574,0.16837325599650188
472,-1.2393122995190502,0.6722208642687534,-0.18751289709235514
473,-1.0460186197441705,0.6361927168745866,-0.06793337229291671
474,-1.128127653618578,0.5325811780085942,-0.1549043089424385
475,-0.0018875804087542505,0.0685366991094501,0.20549537305918722
476,1.855304408030132,-2.015843131046145,0.13717823346972466
477,-1.1219883523187213,0.1738101889867132,-0.16338953329471695
478,0.6395186917031789,-0.3271643299316613,0.43278545784855865
479,-0.053358172071210484,0.02515303685353634,0.09069673186048745
480,-1.7123042384875355,0.4873269803798575,-0.420591047540563
481,-0.2046617532792698,-0.34085022324014025,0.09471618049476452
482,-0.7979288431471261,-0.53612379919013,-0.2039213727953162
483,1.3111422749140291,-0.9518920211431274,0.43965596411028746
484,-0.6509181330629193,0.18537757257358928,-0.06869703024444103
485,13.16884774759736,-6.272497225846939,-2.3841061838664737
486,-0.418357105045969,-0.61632440461679,-0.23038315201637172
487,-1.342299877211029,0.8592740237510988,-0.12480201386680696
488,-1.043286717717005,0.16954221084019364,-0.1879153231062377
489,-1.5479666014383462,0.30471249964920843,-0.3635858312643447
490,-1.9871129804479843,0.419687397643333,-0.585037127183722
491,-0.86664050960061,0.696967700686063,-0.10929168015845957
492,-0.3489786981727688,0.3276184815768177,0.1301565779158576
493,-0.8265209237192991,0.37110576149034086,-0.08032464825114187
494,-1.1488543309980435,0.42339719711996343,-0.18607518437282786
495,-2.1781733069930183,-0.030004202150481246,-0.7549185936409665
496,1.5020649972054687,-0.07685474665291737,-0.043287280112858845
497,-0.9565568165704694,0.3239106457952604,-0.10685333898194516
498,-0.2007877829338641,-0.5905634457480571,0.005481210854352457
499,2.182225180695291,-0.9595801754903713,0.8312366944044435
500,-0.7800102160511019,0.27367523985629844,-0.07043611255136928
501,0.009252927669528708,-0.349382069844361,0.042349812770633884
502,-0.282264269069961,-0.26696540969293775,-0.017512290306902673
503,-0.41679053039497044,0.24685635656661278,0.17193421014294183
504,-1.5693061191505497,0.5596043004029273,-0.32357312593994797
505,4.9787276026274,1.201955540259154,0.030486394994646317
506,-1.1978171565931994,0.3971997305317185,-0.25748950481213934
507,0.8736540853882804,0.13172927566849904,0.46781807680096504
508,-0.42562726799872475,-0.41285050626766606,-0.07042157027701172
509,0.15702394334776237,0.16860692767227595,0.25175216825048524
510,-1.7458966007102097,0.38796153175635506,-0.48602121975268175
511,-0.451650743722789,0.6237091905277987,0.22053060934378077
512,0.4382379581406471,0.0920326536127327,0.2799595564064089
513,1.5643991365400858,-1.7623122289109086,0.43972501826784793
514,0.07112488350951983,-0.24557818703515724,0.2013101067245454
515,-1.15692795214299,0.17312996829692778,-0.1778914997521114
516,-0.22786901544073174,0.32702687590822943,0.08175208143225801
517,-0.9941444189972013,0.76477231768923,0.07256217720728159
518,1.1224980697191473,1.035123981694305,0.5660776391510176
519,-1.2304261166562545,0.5219288018825432,-0.15914302167300023
520,-1.3791358049143216,0.34123389925443076,-0.22317484738766413
521,-0.516339725519635,0.1845230119668673,0.05271929773474085
522,-0.7311764749138686,-0.4279125578399779,-0.15724165337874677
523,0.9231947997709307,-1.110920011312871,0.23196264996087637
524,-1.5285740638097998,0.23556309625533586,-0.35797638320363767
525,-0.5101814686564257,0.084336156897483,-0.00754853199738698
526,0.4582100307811252,-0.20648213241555102,0.28708966627957094
527,7.077269459976763,-2.3341420947844673,-0.4088605860336317
528,-1.1534277921375706,0.5770497735775802,-0.17899097010972584
529,-1.491196560682719,0.3108814602298664,-0.3169058632335072
530,-1.7619870141523075,-0.1556501634463773,-0.5849812021266728
531,-1.0612482328911494,0.4475527721081936,-0.15497767563481887
532,-0.26780689692279663,0.5482141177968377,0.18535448495530374
533,-0.7887167569710093,0.206082467248554,0.01165428591557183
534,-0.3929130827967848,0.1842756752446762,-0.023294785912966225
535,-1.8949975379018054,0.17661521717894094,-0.5336538789880594
536,-0.7589965882135099,-0.16028121207979124,-0.09116592206917312
537,-0.6052074288947316,0.4624773694480063,0.08696666912710718
538,0.010149848287548155,0.08932785807137841,0.20318170067428257
539,-0.21080273000625868,0.32261142587442754,0.20226312205027197
540,-0.13464592992004448,0.013150234336726406,0.08628393846991009
541,1.430809630108727,-1.3489628435574723,0.4349847251985286
542,-0.5252225137904111,0.6638780640985296,0.06278333405598535
543,0.5424870010277043,-0.3602330755582543,0.0107387643729695
544,18.37168179099812,7.972038412305939,-1.757169657693273
545,-0.11424501972564664,-0.7021956599925657,0.01461521694632602
546,0.7543972753841138,1.3706710195330891,0.7495080575050623
547,-0.25916986485995824,0.4888442942632028,0.1506236412492448
548,-1.0513026599953792,0.31057181344176044,-0.1713251264794694
549,-1.7617962457893068,0.3091731200804912,-0.4943431176517012
550,0.15690272086716964,-0.9952962836860441,0.19854017962652104
551,0.05666573102342455,0.12210206004143484,0.1045418363685392
552,-1.8485860897973234,0.07820891286489047,-0.544752562412928
553,-0.444411327387161,1.2368896091868433,0.2882271502353725
554,0.3200312698199331,-0.7579581553575041,0.1039771096755803
555,1.2283494825085575,-0.31742627531759177,0.5859654477177013
556,-1.8211242368193477,0.17557308433075547,-0.4896139761739984
557,-1.1696417410942255,0.6077777196934544,-0.1136808878380188
558,-1.6788134002632944,0.5948047667736253,-0.3368744566990033
559,-0.9977470466723937,0.5371490128127392,-0.12169039276987342
560,-0.5254980492621699,0.33688774621595546,0.08264469396333597
561,-0.5549980968687762,0.6048226456227079,0.06574684910821833
562,-1.622684180527689,0.5746049687163408,-0.32658596033498105
563,-0.08316869267008614,-0.8059588988359238,-0.004599910818072903
564,0.026690066069945013,-0.18518059801552855,0.09065533922570966
565,-0.4137464292814591,0.8113401699675312,0.19037818903087267
566,0.4008080865130145,-0.5363742343795079,0.2683120625486815
567,2.975111943257682,-1.1515099898389887,0.16546425918504987
568,-1.6025804858730988,-0.3497830500938262,-0.5099164405200385
569,-0.09095988407232258,-0.9488311400734655,0.06332637558578662
570,-1.332720018757688,0.29416947934177057,-0.305035287073371
571,-1.0191446974673226,0.608558704474823,-0.08501641370417151
572,0.44429860174809765,-0.7121775268198863,0.20870898754730127
573,-0.9901643125762921,0.9738852032663707,0.0023217803538044734
574,0.12328496442771833,-0.2874560623850474,0.1970744600975279
575,-0.7088072422925339,0.6045767181650334,0.027514276892675035
576,-0.6589844174335351,0.36789605281381493,0.07248639425627355
577,2.5540701610550633,-3.1276484491493597,0.451462343649092
578,-0.8491441392886528,0.7535093517331287,-0.02925181844262678
579,0.28224731449131585,-0.2833585070785704,0.07809888207876206
580,0.20102809038367123,-0.8244019687753601,0.16404298656270247
581,-0.17472194002882993,-0.5838688910779927,0.02078039234859872
582,-0.8648240210679278,0.6252362549676869,-0.04221641535760344
583,-1.6567392977343551,0.13616833870649758,-0.4192043341847675
584,-0.853784230447574,-0.448648841997638,-0.22615595252557807
585,-0.7799311455138523,-0.10985413800292196,-0.12052675176919223
586,-0.8809440260172987,0.840241084102195,0.021700698313583185
587,-1.5452694898314143,0.4577494733038533,-0.3459937646228944
588,-0.9974098670664061,0.3141402645109415,-0.13906534314739188
589,0.10983399063539298,-0.22856975595656479,0.13893807021209692
590,0.271399291104336,-0.16461794502442814,0.21168824399146985
591,2.6441250156686156,-2.093761728454689,0.6308922564930225
592,-0.43896632901521626,-0.263269195749518,-0.050226373060298216
593,-0.9903013490935226,0.43047658800185573,-0.13188311836445132
594,8.846194633447439,-2.2147984857162877,-2.3377497218601606
595,0.4681202539336749,-0.09568603370788069,0.22183842902868267
596,-0.672407200217361,-0.20727582006800602,-0.24767341411398544
597,-1.4056824913676795,0.3413292046777957,-0.29085384526230523
598,-1.784445867822436,0.3934185114373605,-0.43851251059220725
599,-0.10074566556329269,-0.5934306074178701,0.052766349663967024
600,0.8342412084791258,-1.224378359825497,0.005326610015808445
601,-1.4721656194221608,0.40743321909096303,-0.34646723704304494
602,-0.19861190685349958,0.8026571965307167,0.3082827019402551
603,-0.053080382879011824,0.21820327269174336,0.18462605272762542
604,0.6203828835671941,-1.2631114351897428,0.1865028259666438
605,-0.18620638108648013,-0.338771871290962,0.0060124492746095135
606,1.9685891478590147,-1.3583141597844461,0.7348621109489848
607,-1.6025912921283803,0.4397974371305122,-0.3963366284573509
608,-0.7874015736561603,0.3784846816110827,-0.1394826375662318
609,-0.6874999555471704,0.14374282631611862,-0.038179012729236086
610,0.7370311749513497,-0.9447740299632467,0.24443651013597592
611,-1.367013104254158,0.2278765512768438,-0.28428707417218496
612,-0.747703178588553,0.9207594690240868,0.1387900209115808
613,-1.6841278434800735,0.1727085889763671,-0.4694778927906443
614,7.0925386947904085,-3.4798506554438062,-0.7299780908393162
615,2.7697001234447582,1.0251517932835716,1.306624163296335
616,1.0479156212338578,-0.759530848676964,0.19002962988515962
617,0.9508741249783912,0.1482552937406845,0.34406867938127833
618,-0.6533344069612497,0.023444350201281973,-0.08763116457000633
619,-0.09016919100905312,-0.07484706772372668,0.07126062041346802
620,-0.26888580554709074,0.07435576935540497,0.11179581775574068
621,-0.13754083288138352,0.599328791745176,0.14432422584640245
622,0.8891051291490925,-0.36640562788636283,0.36253531413409545
623,-1.4986768277995484,0.27640271478427497,-0.33765327191049466
624,-0.7191148126104367,0.3456823384813121,-0.0810146412639217
625,5.374977177749814,-0.7703726554011978,0.23606076780340782
626,-0.7699255267742828,0.531470535283358,-0.021657733427179707
627,0.5188303278118794,-0.9182256276877653,0.31621717175062025
628,-0.9460083980556896,0.353540458363391,-0.08848453180866625
629,13.920080744012347,7.285769010685844,0.828758065475858
630,-0.9421760341475364,0.7420869313731683,-0.07600511786270804
631,-0.33732665732831674,-0.5171087160144404,-0.12128885709554145
632,-0.8511033449280466,0.15324179603797475,-0.10614279716141516
633,-0.5132278427403401,0.03552681236580006,0.009796209858223734
634,-1.4606325206909896,0.751526891111208,-0.20011761912995618
635,-1.7652928471676048,0.38768048554415147,-0.4744243884441565
636,-0.9071069891901359,0.6825232493094788,-0.03231175250622721
637,-0.4532109027850411,0.007475672047966422,0.0759480400581683
638,-1.1557951025225317,0.21618414139391798,-0.25218703088203326
639,-0.49016199937596105,0.2027850036444758,0.057334076367419315
640,-0.4943772949420484,0.6675899397703678,0.07105043901118976
641,0.9153086480936109,1.0382612749407771,0.5591005062270951
642,-0.44529495943297476,-0.15159584686293934,-0.13368222391265483
643,-1.4416844477408395,-0.14914297778662217,-0.4285778433988892
644,-1.1886949617773326,0.6074678484449556,-0.14084805591818816
645,-1.123281108511307,0.40076711539311916,-0.16214577236531946
646,0.7547984214314569,-0.17217925209038876,0.34292577934143986
647,-2.136894004605907,0.37399097900252304,-0.654909636734406
648,0.8624973501155683,-0.8139642885791956,0.14843218420096188
649,0.1556375410982926,-0.273007886400195,0.160427624795774
650,-0.15003937231681708,-0.5704952541731039,0.08034645164889094
651,0.27702678453179463,0.3361974566673079,0.3745351557942203
652,-0.837695645882807,0.13817291573536564,-0.00576496704236547
653,-0.7473223430788257,0.40044539896557546,0.08193033609200662
654,-1.855900841652486,0.34935359635110724,-0.5099781065072165
655,-0.0672082052324462,-0.035447484583005756,0.19858300205823198
656,-1.0527429635867436,0.37057399056560564,-0.2247221726554038
657,0.20580354979143226,-0.9122847891908894,0.1304564807648731
658,0.62905747032778,1.0690880823068476,0.39461910385109794
659,1.255644967639224,-0.5060517686525327,0.33864428584944173
660,-0.4939740556650952,0.5398961974359224,0.07746488586042637
661,-0.3232569393420352,0.06344924345380416,0.12349464844529673
662,11.332329311384635,-4.5435682565283315,-1.0107109766075673
663,-0.850631880707448,-0.29067413994435437,-0.1666897684959371
664,0.5653325134214281,-0.4691998938364352,0.12090256845177759
665,-0.5334769623807086,0.353528747962749,0.06612643572099847
666,-0.8375687760746502,-0.030985317956812874,-0.21569242223840251
667,-0.3851323369348016,0.7809343310608793,0.15151133911536566
668,1.2435520473230304,-1.2227664726444716,0.22033664949754153
669,-0.9368460556356285,0.31027227394873436,-0.0516639371556587
670,-0.8789950769909964,0.41795967551064905,-0.09030303140185066
671,-1.3524579070959517,0.39548217395338997,-0.2888536139514863
672,-0.27712167902624746,-0.6579874590285065,0.0001696740980643195
673,-0.9939241560306927,-0.12270682035629646,-0.25890051718308676
674,-0.23836861285177322,-0.3682599236401002,-0.02108588605583357
675,-0.685736861663538,0.23585380614467633,0.01950468444627251
676,-0.006038457987465249,-0.6568287145382783,0.14110787366529717
677,1.1852268366837688,-0.5635542297265292,0.23353324140858356
678,0.6175185507829193,-0.4661197459322628,0.15862276774633738
679,-0.1433937547372148,-0.0637073103001722,0.07914009605390752
680,0.104926712199225,-0.15917589695009693,0.10358472341417171
681,-0.8805368464540873,0.8304110998419617,-0.02321563061459105
682,-0.2880196748292352,-0.41531590705462657,0.030011558565818098
683,-0.6415937217809247,0.204365007304023,-0.07483378621119235
684,-0.036511157940676664,0.2066921982539734,0.11988736436019724
685,1.3748448433716054,-0.6133440341774403,0.29601865808322136
686,-1.6466392851772453,0.21101887963715932,-0.42565046245943566
687,-0.6820204400260504,0.0859624893527442,-0.19485831944289642
688,-1.3004178126267716,0.5365895060929733,-0.22362239284592608
689,14.741700367015603,5.807467938034408,-0.80975233273648
690,-0.4627774570054507,0.9112925039195777,0.2703288197406369
691,-0.3976104610721972,0.06252991707205953,-0.030845424924338494
692,-0.7655656193748855,0.7941857193788754,0.05832040531613387
693,-0.7393257825118116,0.8438297705231087,0.11195264836576016
694,-1.2986182844632925,-0.1301210508156329,-0.3573664239354544
695,0.10229974348153287,0.6021510125267663,0.2773849494248165
696,-0.33446685055855346,0.16080151020217096,0.12266002406172229
697,0.19403001922987242,-0.16094114221870853,0.20533222919457406
698,-0.49161632202589006,-0.1935423595343119,0.024109944075497804
699,0.6033644708215529,-0.061378968956126885,0.1530198571363457
700,-0.690236670645438,0.0693855437286727,-0.09658313385244495
701,0.1997670504802949,-0.6453016592154035,0.13169008534443633
702,-0.9806076413812712,0.4652629598992679,-0.1729528804876443
703,-0.35299856951079744,0.3838779987904447,0.19415844489837555
704,-0.4183512594314427,-0.1887295643152983,0.15442483087396325
705,1.2093392680978479,-0.7610996296187656,0.13630266428310636
706,-0.818867730710053,-0.665260129194936,-0.2185859451128223
707,-0.21459427946334206,-0.8273293796506735,-0.1609478154964708
708,1.3886438097243323,-1.808816458942481,0.46798828463372705
709,-0.66575616292179,0.4257840893904728,-0.12533433059038676
710,-1.1978755234225327,0.2661509113904112,-0.252136372056957
711,1.9840926116252124,-1.3042932519402308,0.7124252684515884
712,-0.8744185354522378,0.09356479418413695,-0.08195351551605612
713,1.0898752170169435,-1.3311418575918652,0.10947386571084143
714,0.25772597151395166,-0.15619331203662887,0.28799058315105186
715,-1.343980615591298,0.5816143136447397,-0.1955710662070877
716,-1.8345398527262766,0.05348600734632846,-0.5573279685013051
717,0.06061545454505123,0.06307832481713051,0.11324300306226169
718,1.308286917492294,0.2199834915273946,0.8123581626862925
719,-0.0092409881451948,0.3133681715129501,0.10150969395130852
720,-0.17161807953692623,-0.7396104955966937,0.04918537155576956
721,-0.2487738270082889,0.974244220380374,0.22509755765162992
722,-0.9321619272966911,0.6801567102652439,0.008202666956206707
723,-0.7021383066185417,0.24329616728876682,0.07495546748863352
724,0.6079329308496116,-0.21407809861436966,0.3170766886650521
725,-1.4420664200415227,0.6788856153476438,-0.24189530193018405
726,0.2218193051670658,0.1329945368154348,0.18798755553267538
727,-1.0752064171089855,0.5070737565624728,-0.18093947888393572
728,-0.34127209613453746,-0.03637894161893003,0.11039043572002462
729,0.9233850628515461,-0.6721211273620955,0.5273115870146192
730,-1.0743227023238424,0.3219056695531258,-0.21718343141590887
731,-0.3337153422744174,-0.175370201699298,0.10218573204479232
732,-0.43398594737675933,0.6542109326913755,0.1638660054777251
733,-1.0351814381077855,0.9414028134862285,-0.020118725745524133
734,-0.23829222481396095,0.06961251192568368,0.054301807230728735
735,-1.4560177328604067,0.5225960735051275,-0.3064418164044248
736,-1.0723493087992175,0.6227590750058375,-0.10309803176995598
737,-0.25563717608316006,-0.45203522836015203,-0.06582943659026112
738,13.377983312383032,5.068015052480026,0.040635367776448945
739,-0.8753258974497864,0.5137160768089217,-0.022437881902755828
740,1.6356204201337174,-1.140485138860972,0.3778957519622359
741,-1.2829560210180313,0.43719072518812285,-0.2566181740416539
742,-0.7409267100508757,0.07214350690352554,-0.06446645605211002
743,-1.346070992196734,-0.01952452834940923,-0.2574471229065093
744,0.9865990948117204,0.40322014573901627,0.6439325238188103
745,-0.8441491504070755,0.47377502633338214,-0.01824484785608737
746,-0.2237050797244535,0.7282519088760926,0.15402813874078378
747,-1.093763145901302,0.49787660849310705,-0.18141825730650263
748,-0.21201573804377463,0.8788863547191376,0.2687590271977753
749,-0.8408416580872808,0.2390804212295924,-0.12339489651139705
750,0.007641352095192503,0.2429345393317435,0.2388225490455714
751,-0.09279094063042528,0.02965629303446581,0.09151895303128835
752,-0.699183041168971,0.44437562503500483,0.033152174795089494
753,-0.463821117009339,0.0022890473937511365,0.03962251304781872
754,1.6036452551965157,-1.5401529804968446,0.5712996594572033
755,0.43868687951966234,-0.4002143333935422,0.2000103580265331
756,-0.37830223775234084,0.6662349033872923,0.33166561344453444
757,10.950593312026738,-4.091168579408916,-0.6996926827367561
758,-0.24336061937603876,0.07419595818671632,0.14608167396059038
759,1.0059530244674064,-0.6906601392345924,0.42395419701209736
760,-1.0464629070265863,0.6044870775157002,-0.06890603927504652
761,-0.3211514907065266,-0.09303575723944826,0.13539544480590798
762,-0.8340317104757932,0.48425824053334093,-0.12733711271306136
763,-1.6326778609337789,0.5192441092578277,-0.38332393085732197
764,-0.6577904755292066,0.24594526830106073,-0.11838295168402492
765,-1.4274472016205395,-0.2995374446097531,-0.4900468336678212
766,-0.1744857887833463,-0.6032456934733538,0.050345916245566516
767,-0.8220918736513873,-0.5679537919537844,-0.20751506749625143
768,0.18096547038466723,-0.3190012296548495,0.17145599201896014
769,3.169695716540349,-2.149608056163837,0.14212852321994762
770,-1.0958214921204297,0.37557338367845056,-0.14906061314193939
771,-0.9018732399247323,0.5956843118812108,-0.1619382266893087
772,-1.4385870344882752,0.30808514660265035,-0.3578516441366481
773,-0.4755610284674272,0.9482586625459304,0.07331829737564838
774,0.06392120527538965,0.29056556929455923,0.2542906125037903
775,-0.28788429397230636,-0.04573238908656525,-0.0841687050769486
776,-1.2015677915969047,0.726931343680006,-0.16645151191062507
777,0.2719589531796285,-0.2099147258203718,0.18562577567319713
778,1.633029248792472,-1.7795872288584411,0.3329428744349121
779,-1.2934051093087342,-0.0598340190538418,-0.38390492699052897
780,1.1617040771321034,-0.0795943646918119,0.5871581080194991
781,0.3096036282475119,-0.7206410183763885,0.23530258601801934
782,-0.19602247704600081,0.38792205069716884,0.18328849771641345
783,-0.8008018839432209,0.028475442987416198,-0.11057609712919261
784,-0.38883538848614574,-0.17090127982877912,0.05940687641974539
785,0.12488347294116203,-0.8104427387764489,0.03195195499695114
786,-0.677427406264236,-0.23755237193081605,-0.13474742485083405
787,-1.3583371586583826,0.5476814672802248,-0.21178941802798187
788,0.7813525927212364,-0.45704918395954386,0.19776076422588185
789,0.43280360064939827,-0.09484668234055947,0.313494210992375
790,0.7414891172688063,0.3084977290126138,0.4135740290917692
791,-0.5627050388125867,0.13354743451253356,-0.03771639116435943
792,-0.287867099602537,-0.027288383627877586,0.07531669277901379
793,-0.9218893800924748,-0.1744227195577717,-0.22045355878577255
794,-0.11971864385304506,-0.23086115373288799,0.11419682731195153
795,-0.682841301118396,0.014579399014156155,-0.03880613164216249
796,-1.206844341690573,0.4238044247404501,-0.27600305571081213
797,0.8101901838447059,-0.650047932645514,0.28069681542344915
798,1.909421912143817,-1.835140469776214,0.2945350762722378
799,-0.9348283744262479,-0.20104704203957904,-0.23008772690439433
800,-1.9695031869320911,0.32404767432347936,-0.5374332549574513
801,-0.766856186110028,-0.019581715505413554,-0.12262685906650159
802,-1.3576055826999005,0.6195384876366389,-0.22823235103688377
803,-0.20706872121767692,-0.524532181126862,0.122136439459101
804,1.5385479178559516,-1.6955200483705797,0.32945522363989455
805,-1.0608121851768992,0.27472555574608837,-0.22366127686979737
806,-0.42050786207100443,0.4416499623787394,0.18403368565075098
807,-0.5210589747245525,0.5636230611451093,0.08457215242753531
808,-0.6373442227250258,-0.047861220103413094,-0.039907982619814215
809,-0.8889256868898865,-0.24431759508699255,-0.2865889044696237
810,-1.84130973011857,0.444558491175729,-0.44760308805095506
811,-1.876358001001514,0.4355306851022661,-0.4733802426873473
812,-1.4278960189517425,0.4783521116753846,-0.2679821670993808
813,0.9868590658149705,-1.0992248053173148,0.3363089628056546
814,0.20692078323119706,0.4390188533925285,0.3700343802538258
815,0.7248786062691542,0.011475929602736025,0.39762618765343444
816,0.018601743804901694,0.328485197975801,0.26502457110498173
817,-1.0642938568867952,0.010793895688758543,-0.23262778137225848
818,0.3953478809837184,-0.09497660352888958,0.18080913519909372
819,-0.35488181995017903,0.2851821501295273,0.11429490908017566
820,0.15059051681326743,-0.5963708291388896,0.07668509540030202
821,10.011779828999558,7.182414565699894,2.606771010995555
822,0.6856991251267254,0.8525476986390962,0.5337556849663
823,0.7204446348784846,-0.6443392899863924,0.09555987945908535
824,-1.032887863684849,0.3558692551623073,-0.17592601433871236
825,-0.49040148778909665,0.23400641359102284,-0.027896541910780632
826,-0.0907058952995873,-0.5422481205579448,0.14427724761707467
827,-0.015222190118089087,0.21015193338423152,0.1800114190957353
828,-0.0596620955746483,0.1636443730669484,0.11027122302926856
829,0.1744593645013554,-0.7226388377508074,0.0674491085000571
830,0.14011793213399862,-0.43217470791025814,0.12475726456696498
831,0.029907278272551813,0.238076062141437,0.16226376551916916
832,-0.6281654224757305,0.2430958762991797,0.003888269426261751
833,-0.5486039687552858,0.4333319655548866,0.12139496657484808
834,-0.5609340713189137,0.7387152166570116,0.1447285192749069
835,-0.5331495977972841,0.44050834674319095,0.12342464321118578
836,-0.2275199181138342,-0.6847917808942211,-0.14260887877436138
837,-0.9480120428621508,0.9148100382035417,0.05125046135629817
838,-0.6349211382980634,0.785396253441123,0.09796720683241791
839,-0.38632189433296216,0.3706157355030691,0.05473533686984968
840,8.91048453049081,-4.5589849273238325,-0.8025093025561257
841,-0.8521117575409487,0.07979911466874025,-0.27262383659467165
842,-1.3858585404625936,0.08753755181507253,-0.37324117644115407
843,-1.8464563212708691,0.2680280745037586,-0.5628702469513288
844,0.4391475646525873,-0.8092804628459273,0.20877852005777153
845,-0.9893375108909219,0.5666546425921241,-0.12943284951807005
846,-0.6498727897602705,0.6957166568719282,0.1057276602348714
847,-0.3458951809189735,-0.5619975809441692,0.013089680117633345
848,-1.038773708145591,0.4753102120852031,-0.09104906412279411
849,0.08942342125610475,-1.0569822132531639,0.0818782257752541
850,-0.7292339383339245,0.456880051676656,0.041191376903147864
851,-0.8882416426879833,0.46783014904317954,-0.09067513944464775
852,0.13302147415436244,0.13507256023757233,0.17991701755541784
853,-0.45549534305713274,0.10370890191103321,0.09387062579555375
854,0.12344444853583171,-0.34482249353622113,0.12229195176579069
855,-1.189393996698752,0.6430413924392837,-0.19861202012612886
856,-0.14245876983309722,-0.6650329616517059,-0.07834990559595592
857,0.7662702188471124,0.6434334578112683,0.4843062826783507
858,2.5692121691571637,-0.1449300658773883,-0.3120138243682847
859,0.2523800864518701,0.24190186564948873,0.21480055925090027
860,-0.012463238364190162,0.22060376830738418,0.09003545253057048
861,-1.5517898928080212,0.635411732760332,-0.3049085210558145
862,-1.0261392601907404,0.4711938661156152,-0.16314598827875887
863,-0.7644485450508115,0.2157256973939319,-0.0388952529238543
864,0.06077986076860056,0.035415167772337795,0.22606309022366677
865,-0.23027448579042956,0.019792171701910114,0.11442311218502114
866,0.48709764996251104,-0.4688449170116373,0.11158714492630728
867,-0.4461670074275677,-0.03738859116047693,0.014602300671734457
868,0.1939031394315681,-0.006279452745732504,0.16838560244559622
869,0.9680855113049998,-0.6337195221348051,0.4424919307122315
870,-1.077620803552412,0.6344761482775376,-0.1803377074554386
871,-1.5039867214553777,0.146882306920726,-0.4255584040391907
872,0.012450238694258835,-0.3598869077782231,0.1323741866738166
873,-0.0423382102123475,-0.28170763689082695,0.08308668722941735
874,-0.3425170024080926,0.7502582734303811,0.14547668241898312
875,1.1887225016105067,-1.5792986822794424,0.3405459732959099
876,-0.9376413246891293,0.8328000763732131,-0.04469295186749756
877,-1.7675997371190075,-0.059444998066343145,-0.5567278670673433
878,-0.024184106917176252,0.192668388235647,0.05736250402085672
879,-1.9574833766093318,0.38831289694664073,-0.5532670550708304
880,1.335567329150925,-0.35044536201271204,0.43520721480188884
881,-1.746427214073203,0.2929358031749712,-0.44786319646725203
882,-1.495135643747757,0.24248895409059207,-0.37981016113954397
883,0.43776723096135467,-1.0547221931395723,0.13708204663837972
884,-0.21428958623157338,0.28750138795269986,0.041207772776006915
885,1.6918819488778383,-0.32772868498353475,0.5063834365171634
886,-1.0094624666167271,0.4312109398693667,-0.0773842432263597
887,1.2427970158714072,-0.6433406882829774,0.3671270849747929
888,1.1062212245599512,-0.30335278594886755,0.40473578848894143
889,0.5143605190931894,-1.0146211122115643,0.027126665828418627
890,-1.5143765370605746,0.07262391517082578,-0.4166665366822514
891,0.04063678692803847,-0.6360328882778925,0.003474543928951431
892,-0.7113415467813192,-0.21994475440318384,-0.2167869637430753
893,-0.108326350936418,-0.24037159395647237,0.1343979038441753
894,6.929783823175465,-4.4243297701910445,-0.33840434712317335
895,-0.16518926520424038,0.019110182590258668,0.1760410742370462
896,1.4654692478599756,-2.2796653416272186,0.2765988318315853
897,-0.3456192583019468,0.6799081960547638,0.1701371888075896
898,0.16980214351895453,-0.2483382060480365,0.16197701468846398
899,0.31893380124939785,-0.08291729882992478,0.24009860745216444
900,2.05789561640012,-1.2504690461389154,0.2639710416065625
901,-0.11648756735016723,-0.6520015476815354,0.07736281066792856
902,0.3274470920346503,0.11827560395329184,0.21788353622483567
903,-0.7329219840735461,-0.21287771376610365,-0.07693886129313407
904,-1.2813165330367005,0.5051119782041649,-0.23777506677233523
905,2.609564102506164,-2.8133403791854303,0.3087194469620274
906,1.9183439954330432,-1.5018391546001562,0.1453733069344304
907,1.2126855523711446,1.8405238947720997,1.1110258380295628
908,-0.31380890532353106,0.34154672471057795,0.1347413619115148
909,-0.5200027206120805,0.5959079152901358,0.03577065887722029
910,-0.5815588672781378,-0.31481111741704193,-0.1437336210570197
911,-1.2698528888814427,0.4901125595520323,-0.24884710447858932
912,-0.7743974513856866,0.6197332181657123,-0.02566293743471192
913,0.8387974335584469,-0.9272453589998331,0.3511766615455053
914,0.1884586396225162,0.5357640475472184,0.4695251708980017
915,-0.21955665846526617,-0.2498664651642063,0.0956518248722698
916,2.849424721439327,-0.41164839808242665,0.8813956906426659
917,2.193289186458548,-0.3396338804428207,0.7986802437017367
918,0.8644775489066994,-0.6165254713467477,0.30957900230743624
919,-0.7588133867125499,0.6676333390745287,-0.0186877237317031
920,-1.4112280026394879,0.5903259808050533,-0.3052071823299722
921,2.1555099648751703,-2.387027488882704,0.36929397148046456
922,-0.49220831372268936,0.5049653725931659,0.06428730905268676
923,-1.092544324879481,0.6378372655653389,-0.13297817086362052
924,0.14506017487744582,0.18892953843604393,0.3127418342898995
925,-1.308361562156717,0.1348068200722984,-0.3215439307242065
926,-0.3804884915390576,0.0752671357574109,-0.04097037946644453
927,-0.5900026873413216,-0.02734729140536278,-0.048140370768984767
928,-0.6959201609286583,-0.005444470818911515,-0.13321499087721583
929,7.678829279669292,-4.06389590649794,0.7208403009737325
930,0.862366940869464,-0.5833289001296516,0.12317735974504415
931,-0.383738070496776,-0.06825096790730391,-0.05733222210734699
932,3.3426748254435275,-2.829601480131439,0.6871889975074822
933,-0.9877814921251051,0.6587830010820424,-0.11476042121828704
934,-1.1525110176119648,0.7211938391811141,-0.05841854221169021
935,0.42904758710662744,-0.8250881883476632,0.1445566693470965
936,-0.27446118362829025,0.13477026766491998,-0.004408309767461593
