,pc_1,pc_2,fname
0,12.823869819292016,5.844810758478172,acc#2022_12_4#9_56_28#-724729#10818834#844
1,0.5878550094118595,1.368698533791059,acc#2022_12_4#9_55_20#-723334#10818979#293
2,-1.4486904947540018,0.2673027158351397,acc#2022_12_4#11_37_19#-748261#10879909#141
3,8.096688893222865,5.706854119614225,acc#2022_12_4#9_57_36#-726142#10818684#301
4,-1.078331577736933,-0.18068975151379849,acc#2022_12_4#13_53_35#-787188#11006583#138
5,-1.2210245528166288,-0.029877070263056568,acc#2022_12_4#12_51_13#-761344#10948564#137
6,-1.0902719827505882,-0.09214608127863733,acc#2022_12_4#12_2_34#-761596#10901057#142
7,-0.7282603381190945,-0.3451627102104072,acc#2022_12_4#12_46_10#-761242#10941553#140
8,-0.4771226845164144,-0.5700566098607742,acc#2022_12_4#8_18_50#-704159#10789410#166
9,-0.7279432462357953,0.7151356060728892,acc#2022_12_4#9_54_31#-722357#10819070#215
10,-2.0227197589091697,0.20266010816972854,acc#2022_12_4#7_16_30#-692484#10764642#169
11,-0.7189216094254041,-0.2548594592084693,acc#2022_12_4#13_30_27#-772595#10987867#141
12,-0.4212237718471441,-0.528167880554009,acc#2022_12_4#12_50_41#-761428#10947864#140
13,-0.8406039235021389,-0.19193754068377347,acc#2022_12_4#13_5_30#-765427#10960198#143
14,-1.6169266659651618,-0.02512732908677477,acc#2022_12_4#12_21_53#-762047#10915555#138
15,0.8189711603648346,-1.147235621418964,acc#2022_12_4#12_50_51#-761401#10948096#146
16,5.533787393092706,-1.917942826426956,acc#2022_12_4#6_20_48#-691440#10760278#177
17,-1.3636669744307537,0.08145287939305021,acc#2022_12_4#13_56_56#-787424#11011160#142
18,-1.1531578033497245,-0.010702389633051208,acc#2022_12_4#13_58_59#-786538#11013928#144
19,-0.4638063326933389,-0.46400479335405015,acc#2022_12_4#12_50_48#-761410#10948029#138
20,-1.6669507499043683,0.19429957975292228,acc#2022_12_4#13_32_42#-772592#10990448#136
21,-1.1390823782647879,-0.1813003089348374,acc#2022_12_4#8_25_19#-707179#10788833#156
22,-0.7493720054772064,-0.12313829561569771,acc#2022_12_4#13_3_11#-763406#10957504#137
23,-1.2518228995866203,0.09785883291538744,acc#2022_12_4#13_47_14#-780991#11000818#141
24,-0.7619383394593473,-0.35963206130569136,acc#2022_12_4#12_1_35#-761496#10899909#136
25,-1.805929553463702,0.27754276425534313,acc#2022_12_4#13_10_2#-767627#10965118#146
26,-1.3921672832245868,0.5671132908697254,acc#2022_12_4#6_30_54#-691435#10760217#188
27,0.41600201581302837,-0.7846636016235908,acc#2022_12_4#13_56_32#-787601#11010599#137
28,-1.3942171452072532,0.03214926413487155,acc#2022_12_4#11_57_59#-761628#10895839#137
29,-0.24143723830382513,-0.4404486528207785,acc#2022_12_4#13_53_10#-787060#11005993#146
30,-0.7029242204664241,-0.20953735301211743,acc#2022_12_4#11_47_14#-752886#10885976#141
31,0.13632214873573142,-0.7888649233396189,acc#2022_12_4#12_12_36#-761757#10912089#142
32,-0.8345621956027328,-0.2251175528500681,acc#2022_12_4#12_45_0#-761381#10939864#138
33,-1.0598112542000953,-0.2060708116160745,acc#2022_12_4#12_59_9#-761323#10952201#138
34,-0.618766695655405,0.5208431803967556,acc#2022_12_4#9_54_34#-722410#10819066#262
35,-0.8935139091998417,-0.06423755476541301,acc#2022_12_4#13_21_15#-771867#10974464#136
36,2.8793524675708984,2.676477412882621,acc#2022_12_4#9_57_23#-725880#10818713#483
37,5.14035800178812,-2.3330251925007537,acc#2022_12_4#6_18_49#-691410#10760321#169
38,-0.40498919577191533,-0.5807875449300605,acc#2022_12_4#13_20_27#-771632#10973312#137
39,-0.10502252285385594,-0.9655785830843132,acc#2022_12_4#13_27_48#-772370#10984038#137
40,-1.3631741464119644,0.0018194511757498994,acc#2022_12_4#12_37_9#-762674#10928002#137
41,2.8478423603628427,2.157232973000074,acc#2022_12_4#9_55_29#-723522#10818958#315
42,-0.8594337766103812,-0.22945804268792913,acc#2022_12_4#13_5_18#-765247#10959966#136
43,-1.8695008121458736,0.21819874076723916,acc#2022_12_4#13_10_6#-767610#10965176#137
44,-0.47009620285479803,-0.2807001793183302,acc#2022_12_4#13_1_5#-762236#10954696#136
45,2.6541871531938686,2.211966074792578,acc#2022_12_4#9_55_17#-723270#10818985#399
46,-1.4711813377900658,0.041219913278615315,acc#2022_12_4#12_6_46#-762473#10905363#137
47,-0.608833067343981,0.05427361988511215,acc#2022_12_4#11_27_43#-739671#10870074#165
48,-1.414044235573491,-0.1925166003422226,acc#2022_12_4#12_23_27#-762280#10917346#137
49,-1.6609120417379584,0.40887617122585695,acc#2022_12_4#14_0_21#-786054#11015444#137
50,-1.5757768835760393,0.021934331022505475,acc#2022_12_4#12_46_30#-761194#10942047#143
51,-0.32287013990843516,-0.5666879384452066,acc#2022_12_4#12_3_41#-762415#10902004#140
52,-1.446297611562637,0.13453128142840456,acc#2022_12_4#12_13_8#-761796#10912685#136
53,-1.2928815056297207,-0.10905843221130074,acc#2022_12_4#12_43_58#-761416#10938402#143
54,-0.9583044558929169,-0.14306722006877323,acc#2022_12_4#12_42_16#-761547#10935986#136
55,-1.3497874033467114,-0.007416517347379671,acc#2022_12_4#13_39_3#-772882#10992332#138
56,4.086290303274398,-1.6280399649215973,acc#2022_12_4#6_20_45#-691440#10760280#175
57,1.3178340714427923,1.3073435757617655,acc#2022_12_4#9_54_54#-722782#10819033#161
58,-1.5381486044118124,0.22137468430828716,acc#2022_12_4#9_8_43#-706036#10807635#154
59,-1.7796999484797444,0.270457152668036,acc#2022_12_4#13_32_48#-772595#10990501#140
60,2.40032099740419,-0.6760626052139475,acc#2022_12_4#6_21_21#-691440#10760243#160
61,4.407694965000927,3.307453296537156,acc#2022_12_4#9_56_41#-724996#10818804#190
62,-0.9014555980570486,-0.5371620621739212,acc#2022_12_4#12_8_18#-762183#10907107#138
63,-1.5138441448423943,-0.07620143362507037,acc#2022_12_4#13_45_20#-778990#10998883#137
64,-1.1641678600208147,-0.0851046168111866,acc#2022_12_4#12_10_21#-761966#10909489#140
65,0.06961406382080225,-0.5741061256791052,acc#2022_12_4#12_2_45#-761704#10901241#150
66,1.3830967859431815,1.76590322325334,acc#2022_12_4#9_57_13#-725672#10818736#447
67,-0.7660243947742097,-0.5050296201540627,acc#2022_12_4#12_25_32#-762594#10919770#139
68,3.093117256215524,2.169047577561219,acc#2022_12_4#9_55_49#-723931#10818916#545
69,6.09957209811982,3.553924635613109,acc#2022_12_4#9_56_10#-724361#10818870#772
70,-1.4092656935144319,-0.015133121519121757,acc#2022_12_4#13_42_24#-776098#10995777#138
71,-1.8310311319139048,0.14399706234515539,acc#2022_12_4#12_52_18#-761215#10949612#141
72,7.701716905616807,3.1855005634956353,acc#2022_12_4#9_54_51#-722723#10819040#1075
73,-0.3093229356804292,-0.5532833862541685,acc#2022_12_4#12_50_45#-761418#10947958#144
74,-0.6191997600707885,-0.43185030782222594,acc#2022_12_4#13_29_30#-772497#10986474#143
75,0.42239902090388054,1.3490759793310159,acc#2022_12_4#9_55_3#-722968#10819015#223
76,1.135927126101596,-1.0544652421086111,acc#2022_12_4#14_0_51#-785976#11015700#147
77,-1.3076157714227485,0.3216601585835109,acc#2022_12_4#14_0_25#-786039#11015493#152
78,-1.5558488594144027,0.15055074037928287,acc#2022_12_4#13_43_3#-776740#10996464#141
79,2.088087431715451,-0.7094847774991431,acc#2022_12_4#6_16_54#-691398#10760265#158
80,-0.8268847865306241,-0.17698038930353932,acc#2022_12_4#13_55_19#-787783#11008970#141
81,-0.7007000889964041,-0.5465671480032965,acc#2022_12_4#12_25_46#-762629#10920042#138
82,-1.4691737160485714,0.2269885128331259,acc#2022_12_4#12_43_20#-761388#10937508#136
83,-1.3028235375123145,0.1512301277087191,acc#2022_12_4#13_54_2#-787324#11007226#137
84,-1.022384783243576,-0.0950958395646389,acc#2022_12_4#12_29_3#-762888#10923777#137
85,0.01041639517266459,-0.6679416204295735,acc#2022_12_4#13_56_18#-787704#11010281#141
86,-1.7480269711407257,0.10604690035412064,acc#2022_12_4#12_52_12#-761225#10949530#144
87,5.664203896290089,-2.6305238677948264,acc#2022_12_4#6_21_1#-691438#10760265#175
88,-0.9200080921928717,-0.36951418535105063,acc#2022_12_4#12_46_4#-761257#10941409#138
89,-1.3950617714668407,0.17128659516721131,acc#2022_12_4#13_52_25#-786811#11004932#138
90,-0.6035001734511667,-0.46712163548537844,acc#2022_12_4#12_51_4#-761367#10948382#136
91,-1.1679142562172184,-0.04983869678036858,acc#2022_12_4#13_25_51#-772486#10981218#137
92,-1.5485825978687182,0.20057135865981537,acc#2022_12_4#14_0_15#-786080#11015363#138
93,-1.2418962204609858,-0.06073148797520404,acc#2022_12_4#13_29_23#-772484#10986302#137
94,-1.6724998358656813,0.0923866563757363,acc#2022_12_4#11_27_47#-739751#10870119#142
95,-0.12547733011691156,-0.6179551723168593,acc#2022_12_4#12_4_56#-762502#10903321#137
96,-0.4299359625321905,-0.6592494055180574,acc#2022_12_4#12_22_47#-762180#10916579#140
97,-1.3410421093381197,0.1055520790551201,acc#2022_12_4#12_29_14#-762950#10923955#137
98,-0.8767454100925012,-0.5315273817809908,acc#2022_12_4#13_40_39#-774361#10993915#137
99,-1.3619989934181056,0.055009525829049846,acc#2022_12_4#13_41_11#-774894#10994485#138
100,-0.9019682867295699,-0.33030142070706964,acc#2022_12_4#13_46_17#-779976#10999860#136
101,-0.6927100630632689,-0.5256696768340844,acc#2022_12_4#13_15_31#-768534#10967234#136
102,2.11239659872758,2.2078902350280747,acc#2022_12_4#9_56_49#-725165#10818787#180
103,-1.29784762966438,0.44817184556137124,acc#2022_12_4#13_59_28#-786331#11014576#138
104,-1.3606068165216094,0.056201341083356705,acc#2022_12_4#13_31_48#-772605#10989694#136
105,-1.2204773832288223,-0.1079512747362411,acc#2022_12_4#12_29_47#-763097#10924433#139
106,3.4771982557556824,-1.6502386468158965,acc#2022_12_4#13_51_59#-786448#11004405#149
107,-1.5020061624996321,0.21305228965488102,acc#2022_12_4#10_57_44#-734048#10841581#153
108,-0.9272841295947137,0.06408682967204281,acc#2022_12_4#8_34_44#-709935#10793141#151
109,-1.2408949432241447,0.007284324076987545,acc#2022_12_4#13_53_52#-787274#11006989#136
110,1.6090803802301554,-1.9101637851044553,acc#2022_12_4#10_0_26#-728704#10820104#151
111,-0.43280848556753226,-0.7449941813779614,acc#2022_12_4#12_49_6#-761318#10945594#141
112,-0.8514921389026445,-0.4998584116038398,acc#2022_12_4#12_4_23#-762623#10902730#137
113,-0.24154494254829148,-0.5231612241628357,acc#2022_12_4#12_42_51#-761368#10936807#137
114,-0.6282712411650314,-0.3394283594371618,acc#2022_12_4#12_50_27#-761469#10947533#142
115,-1.531936952519301,0.2973979604194001,acc#2022_12_4#13_59_24#-786359#11014490#144
116,-1.3339049611350091,0.33435203508346484,acc#2022_12_4#13_32_34#-772586#10990365#139
117,-1.2981649193713516,0.2512558389756802,acc#2022_12_4#13_55_3#-787633#11008650#143
118,5.992860939084933,-2.2359409551993044,acc#2022_12_4#6_20_54#-691440#10760271#178
119,-0.9833034494743679,-0.018863082148174455,acc#2022_12_4#12_30_20#-763068#10924928#139
120,-0.8686644577904984,0.0037990670106871336,acc#2022_12_4#10_48_22#-733406#10835153#156
121,1.2793687066580917,1.5844104483235086,acc#2022_12_4#9_55_7#-723054#10819006#272
122,3.5311585971378814,0.6275875812446331,acc#2022_12_4#6_21_37#-691442#10760236#361
123,3.070686715477309,2.393891362423262,acc#2022_12_4#9_56_55#-725291#10818775#267
124,-1.7086528647366659,0.29873963695012706,acc#2022_12_4#12_13_56#-761854#10913298#138
125,-1.3170019900102055,-0.003393275621367369,acc#2022_12_4#12_51_8#-761357#10948464#138
126,-1.4017952994917968,0.3022930455438277,acc#2022_12_4#11_37_16#-748234#10879850#141
127,-0.9010527272688119,0.014290907268333066,acc#2022_12_4#9_52_41#-720819#10818795#153
128,2.9672146118593377,3.2040560772815274,acc#2022_12_4#9_57_43#-726284#10818670#173
129,-1.6237756293763796,0.11908146561621219,acc#2022_12_4#12_29_17#-762966#10924001#142
130,1.1962467909558325,1.6066836730398255,acc#2022_12_4#9_57_46#-726345#10818663#256
131,-1.60038823398652,0.018549364045849028,acc#2022_12_4#12_24_6#-762378#10918103#136
132,-0.8588844921493718,-0.2668770049381842,acc#2022_12_4#12_39_44#-762043#10932346#138
133,-1.579887410783861,0.23125254176724436,acc#2022_12_4#13_50_56#-785662#11003091#137
134,-0.6482111051261875,-0.4673909209592779,acc#2022_12_4#12_43_30#-761431#10937742#138
135,-0.7440547379750685,-0.3531359669238205,acc#2022_12_4#11_17_52#-736958#10857614#140
136,-1.2261888877945268,0.5366319152210739,acc#2022_12_4#13_59_31#-786311#11014639#153
137,-1.1864139011884007,0.2693011044545673,acc#2022_12_4#12_8_36#-762153#10907446#136
138,1.1712172426591179,0.30723934797461167,acc#2022_12_4#6_29_58#-691454#10760183#152
139,3.858518112649414,-1.2117977211079074,acc#2022_12_4#13_52_6#-786549#11004546#157
140,-1.6522928204662704,0.1309849338443654,acc#2022_12_4#11_59_45#-761392#10897802#140
141,-1.6205304114180068,0.33511211052008233,acc#2022_12_4#14_0_42#-785989#11015654#138
142,-1.058691324665235,-0.15371808721456262,acc#2022_12_4#12_44_17#-761259#10938834#136
143,-1.574467675406041,0.022431172106816593,acc#2022_12_4#11_36_10#-747071#10878783#141
144,-1.2470695724961025,-0.2920723535941443,acc#2022_12_4#11_52_47#-758607#10891612#141
145,-1.5762052770867507,0.2434600149462967,acc#2022_12_4#12_46_22#-761214#10941851#137
146,-0.1341427031127882,-0.4572574857438724,acc#2022_12_4#12_3_30#-762312#10901831#138
147,-0.9202259780237627,-0.07396339961503072,acc#2022_12_4#11_27_40#-739609#10870041#141
148,-0.7817648277535029,-0.1804691319702107,acc#2022_12_4#11_25_35#-737244#10868177#146
149,-1.1379159629454507,-0.1417238416409144,acc#2022_12_4#12_28_13#-762749#10922843#143
150,4.547091631063665,-2.649243227729599,acc#2022_12_4#6_19_7#-691425#10760320#166
151,-1.5111319655362687,0.03445591282024982,acc#2022_12_4#12_38_24#-762674#10928002#137
152,-1.1836109138480337,-0.2634145984801842,acc#2022_12_4#13_38_48#-772735#10992090#136
153,-1.1151725172284346,0.41940095157108415,acc#2022_12_4#6_16_6#-691391#10760267#156
154,-1.4139056219587338,-0.15768290694468712,acc#2022_12_4#12_59_57#-761605#10953178#136
155,-1.0706086695747945,0.17795133720386874,acc#2022_12_4#13_52_19#-786736#11004805#137
156,-0.638705267269803,-0.62520750135134,acc#2022_12_4#12_58_47#-761233#10951814#138
157,-1.0508782423455014,-0.1596809870334745,acc#2022_12_4#7_11_20#-691961#10762914#154
158,6.148686387853157,-1.849547458193103,acc#2022_12_4#6_21_18#-691440#10760246#173
159,3.872186061595557,-2.2318201876190646,acc#2022_12_4#6_16_57#-691398#10760268#157
160,-1.7407092400038637,-0.00196025631202043,acc#2022_12_4#12_6_37#-762505#10905193#136
161,0.9967010513651675,0.7331166475254793,acc#2022_12_4#9_54_40#-722519#10819057#199
162,-0.8589909655026957,-0.2354473871518316,acc#2022_12_4#11_33_40#-744219#10876470#143
163,-0.9739140967745145,0.06355360770559627,acc#2022_12_4#13_55_50#-787906#11009646#140
164,-1.4966497951138926,0.17251961917003217,acc#2022_12_4#12_43_16#-761371#10937415#138
165,-1.1745447685578043,-0.19189066398700058,acc#2022_12_4#12_3_18#-762165#10901663#140
166,-0.7475184199456194,0.08983483739635209,acc#2022_12_4#11_22_14#-735975#10863844#146
167,-1.4869316311472753,0.2656878903265941,acc#2022_12_4#11_34_37#-745288#10877377#146
168,-0.3877332968105782,-0.4993944225605025,acc#2022_12_4#12_13_0#-761786#10912547#142
169,1.3915238674739907,2.0010534761259295,acc#2022_12_4#9_55_53#-724015#10818908#165
170,-0.2349745464519938,1.052185939581433,acc#2022_12_4#9_57_9#-725588#10818745#279
171,-0.5486314468644159,-0.5468028114060218,acc#2022_12_4#12_8_49#-762129#10907695#138
172,-0.8777839371857976,-0.1805725910549355,acc#2022_12_4#13_2_48#-763193#10956994#137
173,-1.653247017365826,0.023117724821105273,acc#2022_12_4#12_52_15#-761220#10949571#138
174,-1.5012203086412956,0.15394225175873097,acc#2022_12_4#13_42_54#-776594#10996307#138
175,-0.6611006907489544,0.01724449713233578,acc#2022_12_4#10_36_46#-735420#10827584#151
176,-1.5204286589200655,0.015471124813631644,acc#2022_12_4#10_46_15#-733539#10833509#152
177,-1.0126620387754448,0.13941184046249697,acc#2022_12_4#13_58_48#-786620#11013684#138
178,0.5004459224135384,0.1589180284195922,acc#2022_12_4#6_29_37#-691438#10760213#152
179,0.3347679715481781,0.9191149280072926,acc#2022_12_4#9_57_27#-725961#10818704#292
180,-0.8098386594183432,-0.06501184358138531,acc#2022_12_4#13_56_14#-787734#11010188#138
181,0.18820464087503572,-1.1014940920325114,acc#2022_12_4#11_54_29#-760324#10892535#138
182,1.1895311812563254,-0.46953070154439114,acc#2022_12_4#6_29_55#-691452#10760188#152
183,-1.048041855764777,0.04779988241886353,acc#2022_12_4#12_25_25#-762576#10919633#138
184,4.826755732756279,2.8129267757571426,acc#2022_12_4#9_55_33#-723602#10818950#474
185,-1.5593846180547348,-0.07157733666250331,acc#2022_12_4#12_38_36#-762674#10928002#144
186,-1.2619633230192489,0.017201240087348364,acc#2022_12_4#13_31_21#-772630#10989154#141
187,-1.6249963517922077,0.10658427446415257,acc#2022_12_4#13_31_59#-772596#10989874#140
188,-1.37631353710972,0.07956253870472452,acc#2022_12_4#11_32_21#-743297#10874770#146
189,-1.6043801769921302,0.08680698350851973,acc#2022_12_4#12_28_22#-762754#10923018#140
190,-0.3526717433425055,-0.6849307881959568,acc#2022_12_4#11_54_41#-760510#10892663#143
191,-1.5286073814383883,0.028211009838263867,acc#2022_12_4#12_52_35#-761194#10949813#140
192,-0.899844571354285,-0.24943708785371685,acc#2022_12_4#12_43_8#-761338#10937218#137
193,-0.16045178820147168,-0.8692564637705819,acc#2022_12_4#12_50_7#-761457#10947062#138
194,-1.747393388619127,0.2338729898204141,acc#2022_12_4#13_46_47#-780510#11000365#137
195,1.1042297333135471,-1.4925443270860659,acc#2022_12_4#9_50_25#-718563#10818137#151
196,0.5346499983022299,-0.8022216849527399,acc#2022_12_4#10_36_6#-735212#10826763#165
197,-1.3044905711907884,0.35653823992111505,acc#2022_12_4#13_53_39#-787208#11006679#136
198,-1.3037693268869006,0.11980332071302163,acc#2022_12_4#11_36_57#-747972#10879495#142
199,-1.304337392938529,-0.003645712586151298,acc#2022_12_4#12_52_5#-761238#10949428#141
200,0.6216703386730874,1.2636377740511349,acc#2022_12_4#9_54_48#-722666#10819045#452
201,0.5151783976043035,1.9482117496236722,acc#2022_12_4#9_57_16#-725735#10818729#160
202,5.576375545517886,-2.641976625086324,acc#2022_12_4#6_21_14#-691441#10760251#177
203,0.0917365279388686,1.4342867564029533,acc#2022_12_4#9_57_30#-726022#10818698#244
204,-1.2723677217104483,0.18108550769045792,acc#2022_12_4#13_59_11#-786452#11014200#136
205,-1.5068672757808244,0.7491462856893785,acc#2022_12_4#7_16_21#-692484#10764642#276
206,1.8907664025977826,0.47476587107824136,acc#2022_12_4#6_16_35#-691396#10760265#175
207,-1.0357380268802825,-0.3048159830649135,acc#2022_12_4#12_6_7#-762613#10904620#137
208,-1.7674509545353476,0.1512653831256463,acc#2022_12_4#12_2_51#-761790#10901321#137
209,-0.5618897267935168,-0.30453263146560783,acc#2022_12_4#13_5_43#-765623#10960441#145
210,-0.7660325975129416,-0.3481281537916262,acc#2022_12_4#11_51_17#-756999#10890253#136
211,0.2502548268373957,-0.5681798036536548,acc#2022_12_4#12_3_34#-762354#10901891#139
212,-1.5361123778951347,0.43643962107795914,acc#2022_12_4#11_46_42#-752351#10885400#157
213,2.5809407718026742,2.5982580240347,acc#2022_12_4#9_57_49#-726404#10818661#537
214,-1.8012059544816292,0.3382206051760031,acc#2022_12_4#11_38_27#-748406#10880234#140
215,-0.9631430169502281,-0.20824039088608415,acc#2022_12_4#13_7_21#-767092#10962292#136
216,-1.6543711893395567,0.09331519573794728,acc#2022_12_4#12_36_40#-762677#10927938#138
217,2.615497157536806,-0.44479463511294726,acc#2022_12_4#6_16_45#-691398#10760262#197
218,-1.1678826409689131,0.22922038867761904,acc#2022_12_4#13_55_59#-787843#11009846#138
219,-0.32692582002534015,-0.5900201908454265,acc#2022_12_4#11_58_30#-761722#10896380#143
220,1.5746456414650016,1.7252420063463363,acc#2022_12_4#9_57_20#-725818#10818720#359
221,0.9954186576287434,-0.6845018929607191,acc#2022_12_4#9_58_1#-726628#10818726#158
222,1.5470284938848675,-0.48243118279833447,acc#2022_12_4#6_18_33#-691402#10760322#162
223,4.565518058272947,-2.2318037932126913,acc#2022_12_4#6_20_31#-691442#10760289#170
224,1.7076630338898258,2.2532579787709297,acc#2022_12_4#7_24_7#-693273#10766759#625
225,-1.2069958632048614,-0.17168234716387595,acc#2022_12_4#13_6_49#-766622#10961700#137
226,-0.8419997364896185,1.2246541477459205,acc#2022_12_4#7_16_24#-692485#10764642#431
227,-1.461091892561955,0.3427103005665094,acc#2022_12_4#14_0_11#-786098#11015305#140
228,-1.229451360304009,0.1615100148471913,acc#2022_12_4#8_35_44#-710276#10793756#156
229,-1.3837992967546795,-0.093917667984934,acc#2022_12_4#13_19_1#-770839#10971360#139
230,2.1287835343395014,1.8457869193529601,acc#2022_12_4#9_55_14#-723206#10818991#373
231,-1.3991436556003864,0.22780086609713862,acc#2022_12_4#11_38_31#-748406#10880234#148
232,-1.0483300839797587,-0.18144117689385356,acc#2022_12_4#13_7_33#-767267#10962514#140
233,-0.9903953891744085,0.02110066933054395,acc#2022_12_4#10_4_19#-731802#10822050#150
234,-0.8783096917761581,-0.23395302757846703,acc#2022_12_4#8_37_59#-710567#10795290#154
235,-1.7321896262581227,0.10244155000470666,acc#2022_12_4#13_20_39#-771743#10973586#138
236,-1.3244904813553753,0.048734858864365904,acc#2022_12_4#13_41_0#-774712#10994291#139
237,-0.22598889030134311,-0.696046042259225,acc#2022_12_4#12_51_1#-761375#10948317#140
238,0.18188364717902647,-0.9269210259688005,acc#2022_12_4#11_25_39#-737310#10868247#141
239,0.5938592351695565,-0.5487394050097922,acc#2022_12_4#13_52_2#-786491#11004466#138
240,-1.6920538994094438,0.21786141098159412,acc#2022_12_4#13_44_28#-778136#10997960#136
241,-0.36889835397983767,-0.3714705829166309,acc#2022_12_4#12_49_24#-761303#10946030#139
242,4.855857850530626,-2.573079221631547,acc#2022_12_4#6_18_24#-691399#10760322#167
243,-0.8167559114861078,-0.06609987230655212,acc#2022_12_4#11_21_55#-736094#10863395#142
244,-1.0317755310107255,0.06583821828600069,acc#2022_12_4#9_29_48#-710330#10810944#151
245,-0.5459953713069734,-0.26482411759338387,acc#2022_12_4#12_44_32#-761229#10939197#140
246,1.0887601658577408,1.1327884800814227,acc#2022_12_4#9_57_6#-725524#10818751#312
247,-0.7023388748216075,-0.23975666145609456,acc#2022_12_4#12_49_49#-761392#10946635#147
248,2.3354827547504193,-0.5869671107089414,acc#2022_12_4#6_20_22#-691442#10760292#165
249,-0.8703786780165667,-0.2505472534288613,acc#2022_12_4#13_53_42#-787223#11006750#138
250,-1.6687580816884238,0.26250118586606547,acc#2022_12_4#13_32_38#-772589#10990408#142
251,4.599949220609723,-2.607726593961065,acc#2022_12_4#6_17_15#-691397#10760284#152
252,-2.016881433740922,0.21003650826466014,acc#2022_12_4#13_10_51#-767915#10965667#137
253,-1.53770311675381,0.023525095925868232,acc#2022_12_4#13_8_45#-767904#10963932#142
254,-1.0992517613197679,0.2758018936806674,acc#2022_12_4#13_59_41#-786250#11014828#141
255,0.21987036159074652,0.5363791882178992,acc#2022_12_4#14_0_54#-785973#11015710#158
256,-0.32152171750207037,-0.716162296603354,acc#2022_12_4#11_59_10#-761544#10897141#138
257,-1.0796066382281768,0.10394395250569434,acc#2022_12_4#13_56_21#-787682#11010348#140
258,-0.3745536231823522,-0.40137678825600764,acc#2022_12_4#13_56_53#-787446#11011091#137
259,-1.2002220005321695,0.22032361230778721,acc#2022_12_4#12_42_54#-761349#10936877#138
260,-0.4919433437815834,-0.40041224392353486,acc#2022_12_4#9_4_15#-705862#10805231#159
261,-1.0331128542464656,0.18536655297012644,acc#2022_12_4#13_52_29#-786849#11005021#149
262,-0.8172763644903732,-0.012382606898946404,acc#2022_12_4#13_56_25#-787652#11010439#139
263,-0.9435083946777293,-0.2981052565280082,acc#2022_12_4#12_39_30#-762094#10932011#138
264,0.1131730288916306,-1.177536601530356,acc#2022_12_4#12_2_21#-761564#10900803#139
265,4.382055677009054,-1.8177789530263198,acc#2022_12_4#6_18_30#-691400#10760321#161
266,5.108313469937462,-2.135714740335436,acc#2022_12_4#6_20_58#-691440#10760268#170
267,-1.5159287496455027,0.1734833033533564,acc#2022_12_4#12_52_2#-761244#10949383#140
268,-1.526793995869152,-0.005638143526096876,acc#2022_12_4#12_6_49#-762462#10905419#136
269,4.747124521787328,-2.2208441274048605,acc#2022_12_4#6_18_27#-691400#10760321#165
270,-0.6166175421061149,-0.3290070289961517,acc#2022_12_4#12_50_55#-761390#10948185#143
271,-1.552640638021395,0.023979292692806138,acc#2022_12_4#13_5_57#-765836#10960707#136
272,-1.1163022957221342,-0.048315677389147264,acc#2022_12_4#9_43_6#-715431#10812823#153
273,-1.1608547819211497,-0.13716985257343434,acc#2022_12_4#12_29_11#-762934#10923907#138
274,-1.3417124721940932,0.39326318438018626,acc#2022_12_4#13_59_38#-786268#11014774#142
275,-1.26356191403932,0.06680842642664273,acc#2022_12_4#13_46_26#-780135#11000011#138
276,-0.9579715555697087,-0.3399588619867322,acc#2022_12_4#12_44_7#-761336#10938603#146
277,-0.29006683727734067,-0.740622063050267,acc#2022_12_4#12_0_6#-761359#10898202#138
278,-0.9465909919704272,-0.2507196724999883,acc#2022_12_4#12_50_18#-761483#10947322#137
279,-0.7376538964899628,-0.3788393607382003,acc#2022_12_4#13_7_0#-766784#10961902#139
280,-0.6247531507641019,-0.5427668322871203,acc#2022_12_4#11_54_6#-759942#10892325#140
281,0.7011947031203015,-0.44911648898994094,acc#2022_12_4#6_23_51#-691442#10760225#154
282,-0.6611531992698356,0.9209991583897146,acc#2022_12_4#9_56_4#-724240#10818884#226
283,-0.5491673603016483,-0.2764418299649721,acc#2022_12_4#11_47_18#-752951#10886048#142
284,1.5003662127709594,2.0659658134917196,acc#2022_12_4#6_30_8#-691456#10760172#680
285,0.6431554486106469,0.29517049873334367,acc#2022_12_4#6_14_32#-691392#10760251#162
286,-2.0612480284408563,0.16112837012237743,acc#2022_12_4#13_32_54#-772598#10990545#139
287,-1.3314236870301155,0.07273697958243086,acc#2022_12_4#12_49_52#-761404#10946708#136
288,1.851434078656608,1.6685661579587845,acc#2022_12_4#9_57_3#-725461#10818758#301
289,-0.6328708937930978,-0.32298508424671973,acc#2022_12_4#12_13_4#-761792#10912617#139
290,3.5962641957920343,-1.9331192466723675,acc#2022_12_4#6_18_39#-691405#10760321#162
291,0.0946613662184609,-0.8199411492259634,acc#2022_12_4#9_53_55#-721815#10819128#159
292,4.733644450345409,-1.7416502212542873,acc#2022_12_4#6_20_38#-691440#10760287#154
293,3.0694147704476333,2.8352013785247383,acc#2022_12_4#9_56_52#-725228#10818781#532
294,-0.8038642180067997,-0.12601006140410473,acc#2022_12_4#9_37_28#-712807#10811626#179
295,-1.9417259861622553,0.2602996372789676,acc#2022_12_4#6_13_7#-691391#10760245#159
296,-1.6822494740819984,0.31228408491062903,acc#2022_12_4#12_14_42#-761893#10913776#146
297,-0.9005999196916876,-0.1998274058366766,acc#2022_12_4#9_39_37#-713994#10811704#156
298,-1.136316235394003,0.18380999732140507,acc#2022_12_4#13_52_11#-786621#11004647#228
299,-1.5410305261810782,0.49645551409073696,acc#2022_12_4#7_8_4#-691461#10760486#189
300,-1.2215698243985689,-0.07354632701457947,acc#2022_12_4#12_13_19#-761811#10912856#137
301,-0.10012753235704352,-0.7731608506624971,acc#2022_12_4#11_53_25#-759209#10892023#138
302,-1.750374180818471,0.23259574882186165,acc#2022_12_4#13_42_57#-776643#10996360#136
303,-1.4565283900971169,0.21711626794101413,acc#2022_12_4#12_42_28#-761508#10936275#140
304,-1.364994972997007,0.19952780041121337,acc#2022_12_4#12_59_5#-761306#10952127#136
305,-1.0011969234517994,-0.20155090753813576,acc#2022_12_4#12_50_58#-761382#10948252#142
306,-0.7946947189816622,-0.4044725151456908,acc#2022_12_4#12_51_22#-761323#10948734#139
307,-0.9817807453558454,-0.22804711298961639,acc#2022_12_4#13_27_34#-772384#10983706#136
308,-1.208611276933637,0.002651716776850116,acc#2022_12_4#13_55_22#-787814#11009029#139
309,-1.2842682079823922,-0.004995391793674846,acc#2022_12_4#12_28_29#-762757#10923156#137
310,-0.9961697662650398,-0.3239726492949369,acc#2022_12_4#13_6_57#-766739#10961846#138
311,-0.8388520827707574,0.007471868792573708,acc#2022_12_4#13_53_55#-787289#11007059#138
312,1.823023937322632,0.5816814085648281,acc#2022_12_4#6_16_42#-691398#10760263#165
313,-0.9168117013209245,-0.3269899400577797,acc#2022_12_4#12_10_8#-761989#10909234#138
314,-1.6757067575056532,0.008568533411449248,acc#2022_12_4#12_52_21#-761210#10949651#138
315,2.1145861142359155,1.936841864807698,acc#2022_12_4#9_55_39#-723723#10818937#454
316,4.297054587447131,-1.7926052468683296,acc#2022_12_4#6_18_52#-691412#10760320#174
317,-1.3865576787540135,0.08154983108680185,acc#2022_12_4#12_51_18#-761332#10948660#138
318,-0.05626371761162176,0.02010555051104639,acc#2022_12_4#9_49_2#-717329#10816892#165
319,-1.6219943832224288,0.19738819182656364,acc#2022_12_4#13_8_51#-767931#10964042#138
320,-1.0303424967790842,-0.16430792703442873,acc#2022_12_4#8_24_25#-706833#10789281#150
321,-0.8728561323709878,-0.2799890639917869,acc#2022_12_4#13_20_10#-771476#10972929#138
322,-1.490899094132552,-0.0046906769809099596,acc#2022_12_4#13_28_55#-772431#10985619#137
323,-1.7436453380645796,0.27451866453151963,acc#2022_12_4#11_37_39#-748406#10880234#144
324,-1.613055208528935,0.05658071423003414,acc#2022_12_4#12_51_35#-761300#10948933#142
325,-0.9794123098243418,-0.2368994159811209,acc#2022_12_4#13_54_16#-787395#11007557#138
326,-0.7040425114986565,-0.5401289310758862,acc#2022_12_4#12_7_55#-762227#10906667#137
327,-1.501174791291437,0.23292415067842762,acc#2022_12_4#13_59_46#-786223#11014915#145
328,-1.3006358171962065,0.04887648914366794,acc#2022_12_4#13_58_16#-786849#11012961#136
329,-1.845288290018858,0.25455885044404813,acc#2022_12_4#12_6_43#-762484#10905307#142
330,-1.7690622226306572,0.4067202185979442,acc#2022_12_4#6_13_4#-691391#10760245#199
331,2.965617497657513,-1.0475585959988345,acc#2022_12_4#6_28_15#-691437#10760199#219
332,-0.890495028018443,-0.1423836654313175,acc#2022_12_4#12_44_41#-761270#10939412#139
333,-0.7126724781231657,-0.6404158901159467,acc#2022_12_4#12_9_33#-762052#10908551#136
334,4.317618529546596,-2.645998056313458,acc#2022_12_4#6_19_14#-691431#10760319#173
335,-0.6225325106660277,-0.4415814246333244,acc#2022_12_4#9_53_18#-721287#10819066#152
336,-1.2311762438595788,-0.23064559153954634,acc#2022_12_4#13_10_19#-767622#10965368#138
337,-1.412809600029734,0.04590711597942658,acc#2022_12_4#13_10_33#-767737#10965530#136
338,5.305564181572959,-2.7103470285512445,acc#2022_12_4#6_19_10#-691428#10760319#173
339,-0.7490115551222296,-0.1410790774472907,acc#2022_12_4#13_41_43#-775418#10995048#137
340,-1.6216441674232611,0.11658968460666133,acc#2022_12_4#13_55_33#-787912#11009260#136
341,-1.36200160547588,0.048236278150631695,acc#2022_12_4#13_31_54#-772600#10989795#142
342,-1.0095673338543318,-0.052733843995295696,acc#2022_12_4#13_46_29#-780189#11000061#139
343,-0.04957989002561708,-0.8902961878378292,acc#2022_12_4#12_50_37#-761440#10947769#142
344,-1.774347182805483,0.34604456815421025,acc#2022_12_4#14_0_47#-785981#11015682#136
345,-0.9078190289511648,-0.1843242428778053,acc#2022_12_4#12_2_38#-761625#10901130#136
346,6.315975182749978,-2.7288691150283273,acc#2022_12_4#6_21_10#-691440#10760254#174
347,-1.2487466298498835,-0.06681551968658589,acc#2022_12_4#11_47_56#-753589#10886720#140
348,1.171277800012643,2.197790999279356,acc#2022_12_4#9_56_31#-724790#10818827#295
349,-1.6082895170027933,-0.0030481286813049484,acc#2022_12_4#12_14_36#-761889#10913722#138
350,-1.2874895545584744,-0.20002675234939438,acc#2022_12_4#13_18_28#-770358#10970728#140
351,-0.728776125022768,1.004308344662568,acc#2022_12_4#13_23_10#-772171#10977282#340
352,-0.34658833107693593,0.3810231670023616,acc#2022_12_4#9_57_52#-726465#10818667#162
353,2.1007341283408283,1.7853751410995673,acc#2022_12_4#9_56_7#-724301#10818877#455
354,4.997476170610545,-1.0764809899694696,acc#2022_12_4#6_20_25#-691443#10760291#177
355,4.6355234710739115,-2.4078653005141137,acc#2022_12_4#6_18_42#-691406#10760322#168
356,-1.046419887653496,-0.14531309961970876,acc#2022_12_4#13_52_47#-786948#11005449#141
357,-0.27258946720609156,0.44165753947493275,acc#2022_12_4#9_58_22#-726960#10818944#171
358,0.7105817880441919,-0.035169374452100215,acc#2022_12_4#9_56_25#-724667#10818839#364
359,-0.42847155927401115,0.5472986113206675,acc#2022_12_4#9_54_37#-722464#10819061#162
360,2.6056619339027134,1.8635504553454105,acc#2022_12_4#9_56_17#-724503#10818856#533
361,0.5438856830248588,-1.0581807309191449,acc#2022_12_4#12_3_38#-762390#10901955#141
362,-0.47143833451207345,-0.5888786066160694,acc#2022_12_4#12_48_21#-761536#10944530#139
363,4.019513076553793,-2.160539273487043,acc#2022_12_4#6_20_28#-691442#10760289#164
364,-0.9891079363277892,-0.27464663452721694,acc#2022_12_4#8_29_18#-708302#10789948#156
365,-1.1372659448929678,-0.0021142559820625964,acc#2022_12_4#12_28_54#-762835#10923624#136
366,4.800202455405009,-2.4561293779630233,acc#2022_12_4#6_18_55#-691414#10760321#165
367,-0.48421356383246056,-0.47499560342957964,acc#2022_12_4#11_19_38#-736803#10860152#140
368,-1.294715689702497,0.097558239170237,acc#2022_12_4#13_55_45#-787930#11009534#138
369,5.382657696198989,-3.037015904305253,acc#2022_12_4#6_17_8#-691396#10760276#154
370,-0.13989745645611898,-0.7965943869502978,acc#2022_12_4#7_31_51#-695596#10773122#167
371,-1.473376409504276,0.13393899814039514,acc#2022_12_4#12_47_37#-761349#10943572#142
372,-1.6567570725230334,0.03948270484538618,acc#2022_12_4#13_9_13#-767979#10964421#138
373,-2.030427021950819,0.16784261628087996,acc#2022_12_4#12_30_47#-763025#10925218#140
374,-0.6418972373432283,-0.36493074271655307,acc#2022_12_4#12_48_37#-761456#10944908#137
375,3.880967653061978,-2.401600627998697,acc#2022_12_4#6_17_4#-691397#10760273#161
376,1.9309811973708675,-0.4106795320970575,acc#2022_12_4#6_19_17#-691433#10760317#163
377,0.9644124270461152,-1.4905169190204561,acc#2022_12_4#7_52_20#-697496#10778364#162
378,-1.3884855883343934,0.09635946023905077,acc#2022_12_4#12_58_5#-761097#10951231#137
379,-0.03201330066967476,-0.9702934895059885,acc#2022_12_4#11_57_39#-761508#10895499#137
380,-1.0223049113587843,0.08118102373478416,acc#2022_12_4#8_15_49#-702865#10789565#151
381,1.9008899855603585,1.5608758674560361,acc#2022_12_4#9_55_46#-723867#10818922#366
382,-1.1816211058788677,0.0025811425144327688,acc#2022_12_4#13_21_41#-771935#10975101#136
383,5.19262912744307,-2.422334037546803,acc#2022_12_4#6_20_35#-691441#10760288#155
384,-1.119033381700182,-0.11087930190648632,acc#2022_12_4#13_7_36#-767311#10962569#137
385,-1.1501691701140018,0.4659465333362976,acc#2022_12_4#13_59_34#-786292#11014698#147
386,5.82356807209814,-2.611486629360496,acc#2022_12_4#6_20_51#-691440#10760276#173
387,3.7847419986261874,1.8819565808452123,acc#2022_12_4#9_54_43#-722575#10819053#744
388,-1.1809167230031838,-0.13163643349835716,acc#2022_12_4#13_8_55#-767948#10964113#136
389,-1.080006011755062,-0.12736033436881605,acc#2022_12_4#13_17_46#-769609#10970021#137
390,-1.019996696348219,-0.21563148468786122,acc#2022_12_4#13_9_33#-767856#10964712#138
391,2.0206208958837757,0.9015264587948135,acc#2022_12_4#6_21_56#-691436#10760229#322
392,0.4782961682483556,0.6561873862666792,acc#2022_12_4#6_21_52#-691436#10760233#197
393,-0.1245232704817584,-0.5808201730384377,acc#2022_12_4#12_42_6#-761580#10935747#140
394,-1.7881717774917254,0.20310004898530626,acc#2022_12_4#12_46_25#-761207#10941926#140
395,-1.0840735990083838,-0.06522263640282927,acc#2022_12_4#9_37_37#-712914#10811634#155
396,-0.8526347878706806,-0.197233165238545,acc#2022_12_4#8_15_40#-702801#10789487#154
397,-1.663052894213846,0.10207394265768559,acc#2022_12_4#12_30_33#-763044#10925088#142
398,-1.2294302764780414,-0.1571629599024583,acc#2022_12_4#12_25_37#-762607#10919867#136
399,-1.3978348947793102,0.19414889906357402,acc#2022_12_4#13_42_39#-776347#10996043#142
400,-1.6802484896410212,0.4139854551082864,acc#2022_12_4#13_54_52#-787576#11008406#136
401,-1.5824411748959042,0.1829905550474845,acc#2022_12_4#13_38_20#-772676#10991630#137
402,-0.5370679533972348,-0.5516956661901142,acc#2022_12_4#13_16_52#-769078#10968846#137
403,-0.6832050212869258,-0.4654036523016542,acc#2022_12_4#11_59_39#-761418#10897690#136
404,2.7371132060299668,2.4136016452573466,acc#2022_12_4#9_55_43#-723806#10818929#191
405,-1.423108806109782,0.026283482609744932,acc#2022_12_4#13_37_30#-772632#10991041#140
406,0.7817009213951802,1.6599984407610637,acc#2022_12_4#6_23_56#-691447#10760226#661
407,-0.8418866009386533,-0.3890776081410542,acc#2022_12_4#12_11_3#-761892#10910300#137
408,4.234381653413484,3.074970603920554,acc#2022_12_4#9_56_34#-724852#10818821#425
409,-0.6394868490944644,-0.3484134851114042,acc#2022_12_4#12_3_13#-762095#10901600#151
410,-1.2545703852892138,-0.011620793736486633,acc#2022_12_4#11_27_11#-738987#10869700#141
411,-1.595542591808812,0.4245699925298297,acc#2022_12_4#8_29_53#-708694#10790043#158
412,-1.851614872308141,0.08711174369781884,acc#2022_12_4#13_9_58#-767655#10965062#139
413,-0.38699656964887985,-0.5937926487221552,acc#2022_12_4#12_8_39#-762148#10907504#136
414,-1.6004742873107873,0.2003097978770828,acc#2022_12_4#12_51_58#-761252#10949322#140
415,-0.04165283055868081,-0.8774969384049076,acc#2022_12_4#9_53_30#-721460#10819096#155
416,-1.1847759819503187,-0.06422687711018737,acc#2022_12_4#11_47_8#-752788#10885869#142
417,3.844413162444838,-2.00074982283818,acc#2022_12_4#6_19_0#-691419#10760320#163
418,2.2666518106761946,1.1444685669134382,acc#2022_12_4#9_56_20#-724565#10818849#188
419,4.545983643018663,2.5436363084536917,acc#2022_12_4#9_56_13#-724422#10818864#351
420,6.660876839879503,-2.6385145538296997,acc#2022_12_4#6_21_4#-691438#10760261#177
421,-1.3981108505546787,-0.2215048571272372,acc#2022_12_4#12_38_14#-762674#10928002#136
422,-1.2050200817250538,-0.09662268024092445,acc#2022_12_4#12_30_8#-763092#10924753#136
423,-1.4932425442153592,0.1324324864562339,acc#2022_12_4#11_48_14#-753909#10887043#144
424,0.020523235843823387,-0.789502828347339,acc#2022_12_4#13_17_1#-769147#10969050#142
425,-0.8530371023740095,-0.4387060933934144,acc#2022_12_4#13_2_27#-762997#10956529#136
426,6.736252392501242,-4.0537920922697275,acc#2022_12_4#6_17_11#-691396#10760279#154
427,0.5288324409219416,1.5956789413394294,acc#2022_12_4#9_55_11#-723140#10818997#151
428,-0.4499699768379212,-0.2927676785490621,acc#2022_12_4#13_56_29#-787622#11010529#139
429,1.8176039876452443,1.7119846203898026,acc#2022_12_4#9_57_33#-726082#10818690#153
430,0.9568912219169481,0.6573738235930571,acc#2022_12_4#6_30_3#-691455#10760171#294
431,5.68863542763907,-2.2360090858473782,acc#2022_12_4#6_21_7#-691440#10760258#183
432,-0.46716793293203435,-0.711330158189345,acc#2022_12_4#12_3_4#-761970#10901486#140
433,-0.9098326851349381,-0.4152811859297509,acc#2022_12_4#12_12_7#-761779#10911528#141
434,-1.534640998137869,0.01228260754494502,acc#2022_12_4#13_30_59#-772653#10988638#137
435,0.5963708543055138,1.4897113126584909,acc#2022_12_4#7_24_3#-693249#10766691#806
436,0.8475184676765095,0.25122707008837347,acc#2022_12_4#9_54_7#-721986#10819112#328
437,-0.6534415798423449,-0.2346330795658544,acc#2022_12_4#11_27_24#-739269#10869854#142
438,-1.6361016577348257,0.014185469328410014,acc#2022_12_4#13_8_8#-767716#10963175#139
439,1.7185114910096002,1.4847022275420558,acc#2022_12_4#9_55_36#-723663#10818944#365
440,2.244996079784505,0.21383202747595786,acc#2022_12_4#6_16_0#-691391#10760268#166
441,6.649241937392091,3.8989711086153296,acc#2022_12_4#9_54_57#-722841#10819027#841
442,-0.8764195434198818,-0.047379349081245664,acc#2022_12_4#13_56_3#-787814#11009937#144
443,-0.909885023102834,-0.4194229348827348,acc#2022_12_4#13_16_43#-769010#10968645#136
444,-1.4301301475284196,0.20909949138023845,acc#2022_12_4#12_51_43#-761287#10949043#138
445,-1.2939917686176365,-0.010802678690554228,acc#2022_12_4#12_13_43#-761838#10913154#138
446,0.06975768415779998,0.33634398015503314,acc#2022_12_4#9_58_19#-726913#10818913#261
447,-1.4740076724835363,-0.060948908087028894,acc#2022_12_4#12_43_11#-761350#10937291#136
448,-1.6529544634472244,-0.016135841005758697,acc#2022_12_4#13_31_31#-772620#10989370#137
449,-0.11295586098780401,-0.6062721029328842,acc#2022_12_4#13_2_54#-763249#10957127#143
450,0.2610596865541799,-0.5317676029663979,acc#2022_12_4#10_58_53#-734716#10842838#151
451,-1.6618503172704777,0.09545646766321787,acc#2022_12_4#13_56_39#-787550#11010761#136
452,-1.573241834245685,0.28427321298404346,acc#2022_12_4#13_55_37#-787929#11009351#138
453,1.4363257978130037,0.6954952284446861,acc#2022_12_4#13_51_50#-786320#11004227#332
454,-1.1466962038247879,0.03426387627830427,acc#2022_12_4#11_22_26#-735900#10864127#141
455,-1.0492317657741037,-0.002375341297401331,acc#2022_12_4#12_45_44#-761307#10940923#146
456,0.9440464472725097,1.8884464903410303,acc#2022_12_4#9_56_46#-725102#10818793#299
457,-1.7594102036613188,0.07470180388506739,acc#2022_12_4#12_40_45#-761843#10933801#136
458,-1.170441629323529,0.1351374258776353,acc#2022_12_4#11_45_57#-751597#10884584#154
459,-0.3337331655785918,-0.5899692675417453,acc#2022_12_4#11_22_45#-735780#10864577#141
460,-0.7739686851961083,-0.16354340687712995,acc#2022_12_4#12_5_39#-762699#10904080#139
461,4.034036070330339,-1.8600649764985668,acc#2022_12_4#6_18_46#-691408#10760321#168
462,-0.9642269446326828,-0.10868087373932375,acc#2022_12_4#8_30_59#-708719#10790913#151
463,-1.7443776382185348,0.3527161993036234,acc#2022_12_4#12_30_30#-763049#10925054#138
464,4.411687775389965,2.9746411231259433,acc#2022_12_4#9_55_0#-722904#10819022#623
465,-0.7789715976244168,-0.24156822077514029,acc#2022_12_4#11_27_29#-739377#10869913#141
466,-0.37927221689667495,-0.3233775307686487,acc#2022_12_4#13_53_13#-787075#11006065#137
467,5.781793223734892,-1.9262984657692777,acc#2022_12_4#6_20_41#-691441#10760284#171
468,-1.2198780747570832,-0.0014074474062348613,acc#2022_12_4#12_48_15#-761566#10944389#136
469,4.427548454588905,2.8887000220661196,acc#2022_12_4#9_57_40#-726222#10818674#318
470,7.968664417716484,4.826651077075485,acc#2022_12_4#9_56_38#-724935#10818811#923
471,-1.4194194029236757,0.13959207631052367,acc#2022_12_4#13_52_32#-786870#11005092#139
472,-0.17004722869398212,1.7548065598392248,acc#2022_12_4#7_8_7#-691461#10760498#786
473,-0.4893710106461976,-0.3098955967970452,acc#2022_12_4#12_49_57#-761422#10946827#139
474,-1.609000731465324,0.15045912659864552,acc#2022_12_4#11_48_18#-753973#10887108#141
475,-1.859228205891649,0.14739850656782655,acc#2022_12_4#13_10_43#-767838#10965609#138
476,1.7287051269704101,1.9261293846508825,acc#2022_12_4#9_57_0#-725398#10818764#510
477,-1.6780285123539493,0.2840577071206557,acc#2022_12_4#12_14_39#-761891#10913750#141
478,0.2777232215227183,1.3791570138332545,acc#2022_12_4#9_55_56#-724077#10818901#193
479,-0.9677177543633639,-0.0671862790734283,acc#2022_12_4#12_8_53#-762122#10907773#139
480,-1.2041018977357185,-0.1703209960376285,acc#2022_12_4#13_55_40#-787935#11009419#137
481,-1.3514586706924199,0.12652362634558592,acc#2022_12_4#12_39_23#-762118#10931842#139
482,-0.5282800383474919,-0.15710877433706072,acc#2022_12_4#13_28_41#-772412#10985281#143
483,4.498547375277296,-2.687803865662239,acc#2022_12_4#6_18_21#-691399#10760322#159
