,mean,max,std,variance,peak_to_peek,RMS,fname
0,0.007967712488634357,0.06828673173014878,0.012163998443874793,0.0001479628581425884,0.06825758178043981,0.08926204394161248,acc#2022_12_4#9_56_28#-724729#10818834#844
1,0.0016060766974469566,0.0209224864404015,0.0027128911079033645,7.359778163341145e-06,0.020916769999979254,0.040075886733133635,acc#2022_12_4#9_55_20#-723334#10818979#293
2,0.0004889998755098092,0.009873059670773884,0.0009292385542219911,8.634842906525763e-07,0.009870457860819106,0.02211334157267529,acc#2022_12_4#11_37_19#-748261#10879909#141
3,0.006977103949444007,0.04776408106671792,0.008024070187152779,6.438570236835403e-05,0.04704576646080763,0.08352906050856795,acc#2022_12_4#9_57_36#-726142#10818684#301
4,0.0004535247781689034,0.02139188755329274,0.0012492469197545623,1.5606178665162619e-06,0.021388640680118656,0.021296121200089547,acc#2022_12_4#13_53_35#-787188#11006583#138
5,0.0004654162389781094,0.01754381012863045,0.0010844629638432366,1.176059919947657e-06,0.017533564003543375,0.021573507804205357,acc#2022_12_4#12_51_13#-761344#10948564#137
6,0.0004831581042101707,0.020228493991236815,0.0011975538751787206,1.4341352839555708e-06,0.020223622022419667,0.02198085767685535,acc#2022_12_4#12_2_34#-761596#10901057#142
7,0.00047051348092938945,0.026935373289305006,0.001772652464114545,3.1422967585313678e-06,0.026933900633456125,0.021691322710461654,acc#2022_12_4#12_46_10#-761242#10941553#140
8,0.000506927418281705,0.03546627630186121,0.0017030861750609305,2.9005025196836703e-06,0.03546430797196439,0.022515048707069343,acc#2022_12_4#8_18_50#-704159#10789410#166
9,0.0008679344323608659,0.013031241025760669,0.0016010496975194792,2.563360133927216e-06,0.013027430140985246,0.029460726948954703,acc#2022_12_4#9_54_31#-722357#10819070#215
10,0.00030974723253827274,0.0026812243224637764,0.00043028210918139237,1.8514269348158768e-07,0.0026754020588485635,0.017599637284281534,acc#2022_12_4#7_16_30#-692484#10764642#169
11,0.0005113538410367158,0.026245586622933612,0.0017125281301278647,2.9327525964792403e-06,0.02624448556712673,0.022613134259467788,acc#2022_12_4#13_30_27#-772595#10987867#141
12,0.0005213503409585065,0.03484146661827078,0.0018589832559706494,3.455818745979237e-06,0.034837917600036405,0.02283309748935756,acc#2022_12_4#12_50_41#-761428#10947864#140
13,0.000502487653683028,0.02399561139533761,0.0015693396817517866,2.462827036720799e-06,0.02399428409518679,0.02241623638533079,acc#2022_12_4#13_5_30#-765427#10960198#143
14,0.0003507937786770126,0.011600346910126465,0.0008015619423341704,6.42501547398528e-07,0.011598622336930042,0.01872948954662173,acc#2022_12_4#12_21_53#-762047#10915555#138
15,0.0006701998228421904,0.05979491455335631,0.0028614247111929,8.18775137782537e-06,0.059792497254447116,0.025888217838279066,acc#2022_12_4#12_50_51#-761401#10948096#146
16,0.0016086684125686604,0.11779225467323054,0.006981330883300875,4.873898090213058e-05,0.11777998350140226,0.0401082087928227,acc#2022_12_4#6_20_48#-691440#10760278#177
17,0.00045300871316679545,0.013622049801475123,0.0010178691008693706,1.036057506504621e-06,0.013618380804546592,0.021284001342952302,acc#2022_12_4#13_56_56#-787424#11011160#142
18,0.0004919960437958929,0.0182475221475826,0.0011356183047162222,1.2896289340065463e-06,0.018245744000694064,0.02218098383291176,acc#2022_12_4#13_58_59#-786538#11013928#144
19,0.0005447325541801616,0.034086985405173756,0.0017201864156191121,2.959041304480529e-06,0.03408647111854564,0.02333950629683845,acc#2022_12_4#12_50_48#-761410#10948029#138
20,0.00040349269633606534,0.007851351371208484,0.0007413696244303823,5.49628920028046e-07,0.007844880462160664,0.020087127627813423,acc#2022_12_4#13_32_42#-772592#10990448#136
21,0.0004375647257446565,0.020636648532291416,0.0011865113812091484,1.407809257738841e-06,0.02063291984466281,0.02091804784736512,acc#2022_12_4#8_25_19#-707179#10788833#156
22,0.0005595819827430596,0.024647489806246658,0.0015877235096214783,2.5208659430047448e-06,0.024635376131567844,0.023655485256977072,acc#2022_12_4#13_3_11#-763406#10957504#137
23,0.00048672146011249386,0.014739323922739331,0.0011450728225078327,1.3111917688460547e-06,0.014736913029763812,0.022061764664516162,acc#2022_12_4#13_47_14#-780991#11000818#141
24,0.00046977624234337945,0.027387756603972118,0.0016452429831848876,2.706824473719108e-06,0.02737989213530565,0.021674322188787808,acc#2022_12_4#12_1_35#-761496#10899909#136
25,0.0003928948596287978,0.004876707898655813,0.0005882575189809345,3.4604690863760454e-07,0.004869642852058103,0.019821575609138588,acc#2022_12_4#13_10_2#-767627#10965118#146
26,0.0005977871870244709,0.005990609157797509,0.001040868707194045,1.0834076656158025e-06,0.005989844102858528,0.024449686849210787,acc#2022_12_4#6_30_54#-691435#10760217#188
27,0.0006561548580228441,0.04840210948024326,0.002674233174588689,7.151523072070696e-06,0.04839143184347385,0.025615519866339705,acc#2022_12_4#13_56_32#-787601#11010599#137
28,0.00043578624327041826,0.01427042025497338,0.0009317418268799546,8.681428319575954e-07,0.014264817422769445,0.020875493844946958,acc#2022_12_4#11_57_59#-761628#10895839#137
29,0.0005938324687422249,0.035524472322787624,0.0020682681866404057,4.277733291868793e-06,0.035521913377786374,0.02436867802615121,acc#2022_12_4#13_53_10#-787060#11005993#146
30,0.0005321227279728535,0.025880271493101105,0.0017162047049209983,2.945358589192971e-06,0.02587859131298097,0.023067785502142453,acc#2022_12_4#11_47_14#-752886#10885976#141
31,0.0005601049942602726,0.044197747015160445,0.0025338363710525353,6.420326755268681e-06,0.04419370694176638,0.023666537437070777,acc#2022_12_4#12_12_36#-761757#10912089#142
32,0.0004926752157742638,0.024512087023233008,0.0015807656441044673,2.498820021581011e-06,0.024502740768400113,0.02219628833328365,acc#2022_12_4#12_45_0#-761381#10939864#138
33,0.0004552338369825132,0.02224547131568568,0.0012283811006835992,1.5089201285166507e-06,0.022241525904301233,0.021336209527057826,acc#2022_12_4#12_59_9#-761323#10952201#138
34,0.0008373212325637325,0.017553076837690182,0.0016512202053482932,2.7265281665504596e-06,0.017552217466853075,0.02893650346126381,acc#2022_12_4#9_54_34#-722410#10819066#262
35,0.0005297135313324875,0.021501315779729465,0.0015181491210420751,2.3047767537208252e-06,0.02149959138523305,0.023015506323617724,acc#2022_12_4#13_21_15#-771867#10974464#136
36,0.003073560852762615,0.028896551052881976,0.004677389029118064,2.1877968129714028e-05,0.02887934414378029,0.05543970465977082,acc#2022_12_4#9_57_23#-725880#10818713#483
37,0.0014254179398408933,0.12390178975681695,0.006368147813557943,4.05533065753228e-05,0.1238112145370416,0.0377547075189425,acc#2022_12_4#6_18_49#-691410#10760321#169
38,0.0005025468986135066,0.03549009670228104,0.0019169651884467182,3.6747555337165614e-06,0.03548379763471187,0.02241755782001034,acc#2022_12_4#13_20_27#-771632#10973312#137
39,0.00047569337309703397,0.045628249557302034,0.002071188147500726,4.289820342347488e-06,0.04562618115819941,0.021810395986708586,acc#2022_12_4#13_27_48#-772370#10984038#137
40,0.00043077010760818443,0.014894891118385392,0.0009978722389485531,9.957490052641983e-07,0.014891323738398654,0.020755001990079028,acc#2022_12_4#12_37_9#-762674#10928002#137
41,0.0027825435904194357,0.035414498491699205,0.004689269325045495,2.1989246802812635e-05,0.03539239163239888,0.05274982076196502,acc#2022_12_4#9_55_29#-723522#10818958#315
42,0.0005015643232525621,0.025137926959912554,0.0014264793114695034,2.0348432260505084e-06,0.02512675199644742,0.022395631789537934,acc#2022_12_4#13_5_18#-765247#10959966#136
43,0.00035441106324713936,0.004616681145187139,0.0005688938068539613,3.2364016347679216e-07,0.004614883805470015,0.018825808435420227,acc#2022_12_4#13_10_6#-767610#10965176#137
44,0.0005815214865094925,0.030257550403745278,0.0018741981473895807,3.5126186956785363e-06,0.03025530909201561,0.024114756613109172,acc#2022_12_4#13_1_5#-762236#10954696#136
45,0.002699024740623139,0.031163517802566727,0.004659651911780114,2.1712355938956072e-05,0.031148388991248353,0.05195213894175233,acc#2022_12_4#9_55_17#-723270#10818985#399
46,0.0004238209997798402,0.01344642988541238,0.000801067018351563,6.417083678906634e-07,0.013444304886823962,0.020586913313555295,acc#2022_12_4#12_6_46#-762473#10905363#137
47,0.0006683814307500759,0.024252040262293717,0.001669996457048073,2.7888881665531165e-06,0.02424999854499006,0.025853073912981334,acc#2022_12_4#11_27_43#-739671#10870074#165
48,0.00036171727727654965,0.017143997885120568,0.0009260563546717099,8.575803720278558e-07,0.017140248522069017,0.0190188663509829,acc#2022_12_4#12_23_27#-762280#10917346#137
49,0.00046697720468518697,0.004617486275930043,0.0007880509311306207,6.210242700558383e-07,0.004615667075005305,0.021609655357853048,acc#2022_12_4#14_0_21#-786054#11015444#137
50,0.00037516106009625745,0.011479528961050048,0.0008408287302464341,7.069929536078307e-07,0.011478915385283018,0.019369074838418522,acc#2022_12_4#12_46_30#-761194#10942047#143
51,0.0005426293898748814,0.03698985574268496,0.00190029855045419,3.611134580858295e-06,0.036980554224235206,0.02329440683672545,acc#2022_12_4#12_3_41#-762415#10902004#140
52,0.00045271103000167493,0.012074083727473314,0.0008869721323120294,7.867195634981481e-07,0.012072368046965801,0.02127700707340379,acc#2022_12_4#12_13_8#-761796#10912685#136
53,0.00040730824285251425,0.016953118401231936,0.001138852910388283,1.296985951499863e-06,0.016948921566268507,0.020181879071397544,acc#2022_12_4#12_43_58#-761416#10938402#143
54,0.00047783268365731796,0.021353148030838195,0.0015224625587754005,2.3178922428729398e-06,0.021351705345331755,0.021859384338478473,acc#2022_12_4#12_42_16#-761547#10935986#136
55,0.00043473439599052514,0.015379037079002126,0.000982555356012378,9.65415027628611e-07,0.01537395876465663,0.02085028527360058,acc#2022_12_4#13_39_3#-772882#10992332#138
56,0.0012678545199266856,0.09707075600311181,0.0060706249544745195,3.685248733788876e-05,0.09706964773802011,0.035606944827191865,acc#2022_12_4#6_20_45#-691440#10760280#175
57,0.0018665166020930275,0.03157582375964218,0.0032324861873808354,1.044896695160789e-05,0.03156975129030051,0.04320320129449932,acc#2022_12_4#9_54_54#-722782#10819033#161
58,0.00044669939858023804,0.009188000231039673,0.0008676117490112199,7.52750147022308e-07,0.009178010687796324,0.02113526433665399,acc#2022_12_4#9_8_43#-706036#10807635#154
59,0.0003988686118498949,0.005390891084122832,0.000603785489079423,3.6455691682287807e-07,0.005387844932125136,0.01997169526730004,acc#2022_12_4#13_32_48#-772595#10990501#140
60,0.0011616393846009823,0.06502557697413672,0.004828851888402769,2.331781056013099e-05,0.06501387332591418,0.034082831229241835,acc#2022_12_4#6_21_21#-691440#10760243#160
61,0.003983765687219127,0.036810325227046456,0.005854446880591415,3.427454827766655e-05,0.036808131033662594,0.06311707920380288,acc#2022_12_4#9_56_41#-724996#10818804#190
62,0.0003911907798265687,0.028805750531928655,0.0014152205709698506,2.00284926449623e-06,0.028804510092099295,0.019778543420246313,acc#2022_12_4#12_8_18#-762183#10907107#138
63,0.00037117015475230975,0.014215367273113625,0.0008174019586386674,6.681459619863298e-07,0.014211271637633823,0.019265776775212302,acc#2022_12_4#13_45_20#-778990#10998883#137
64,0.000462781066268695,0.01904202812921784,0.0011458671686895795,1.313011568280673e-06,0.019026826455498937,0.02151234683312574,acc#2022_12_4#12_10_21#-761966#10909489#140
65,0.0006316020404510182,0.04112082472153958,0.0023720629378867486,5.626682581295914e-06,0.041114158330250554,0.025131693943127236,acc#2022_12_4#12_2_45#-761704#10901241#150
66,0.002126823735145184,0.026602938246776467,0.00321042377816314,1.030682083539529e-05,0.026597147048499876,0.046117499229090725,acc#2022_12_4#9_57_13#-725672#10818736#447
67,0.0004431209176077768,0.030475041508913277,0.0014856295124020306,2.207095048119895e-06,0.03047182823848316,0.021050437468323,acc#2022_12_4#12_25_32#-762594#10919770#139
68,0.0029464268485484796,0.04016233912966996,0.004679469385215477,2.1897433727168917e-05,0.04014021474937343,0.05428099896417235,acc#2022_12_4#9_55_49#-723931#10818916#545
69,0.004693834395293108,0.049490244035942176,0.007201954753999406,5.1868152278654644e-05,0.04936387655293114,0.06851156395305182,acc#2022_12_4#9_56_10#-724361#10818870#772
70,0.00041767527872399305,0.01477228021794574,0.0009130181280666317,8.336021021782963e-07,0.014766988491627468,0.020437105438980176,acc#2022_12_4#13_42_24#-776098#10995777#138
71,0.00034498146334114194,0.006319121470268967,0.0005866729913371835,3.441851987645189e-07,0.006314822330291759,0.018573676624221224,acc#2022_12_4#12_52_18#-761215#10949612#141
72,0.005030225114222438,0.06959187174228038,0.008358992137275098,6.987274955102693e-05,0.0695668606225326,0.07092407993215308,acc#2022_12_4#9_54_51#-722723#10819040#1075
73,0.0005487112272724165,0.03686006783840242,0.0019272632535877556,3.714343648629662e-06,0.036859200706955204,0.023424585957331594,acc#2022_12_4#12_50_45#-761418#10947958#144
74,0.0004885276352638287,0.03042038980316195,0.0017514560503179317,3.067598296195289e-06,0.030418483884783343,0.022102661271073867,acc#2022_12_4#13_29_30#-772497#10986474#143
75,0.0015353519888586038,0.019059320566644566,0.0025807823279954145,6.660437424493431e-06,0.019045002445254727,0.03918356784238265,acc#2022_12_4#9_55_3#-722968#10819015#223
76,0.0007181355543106932,0.05886937181032663,0.00351790724939618,1.2375671415354198e-05,0.05886416473237026,0.026798051315547054,acc#2022_12_4#14_0_51#-785976#11015700#147
77,0.0005533277920525918,0.011283732367555225,0.0010148430336298466,1.0299063829070301e-06,0.011281878418768718,0.023522920568088305,acc#2022_12_4#14_0_25#-786039#11015493#152
78,0.0004311469359117249,0.010570964531019906,0.0007476683023482147,5.590078903362614e-07,0.010568372782751407,0.020764078017377147,acc#2022_12_4#13_43_3#-776740#10996464#141
79,0.0010908348785421682,0.06344025674418168,0.004445721729434742,1.976444169556824e-05,0.06343023108591321,0.03302778948918877,acc#2022_12_4#6_16_54#-691398#10760265#158
80,0.0005183087997925784,0.024326561300816785,0.001528136647523081,2.335201613503081e-06,0.024323824786285173,0.02276639628471266,acc#2022_12_4#13_55_19#-787783#11008970#141
81,0.00044960542588852215,0.032023461897610135,0.0015300917044539777,2.341180624038879e-06,0.0320214237134902,0.02120390119502829,acc#2022_12_4#12_25_46#-762629#10920042#138
82,0.0004659535190752651,0.009941811012263801,0.0009482652755953494,8.99207032899924e-07,0.009935834545622751,0.02158595652444582,acc#2022_12_4#12_43_20#-761388#10937508#136
83,0.0004911203902977627,0.01338320169388657,0.0010836267182034983,1.174246864404484e-06,0.013380305638736744,0.02216123620869925,acc#2022_12_4#13_54_2#-787324#11007226#137
84,0.0004845644329252552,0.020301123624191463,0.001393067884900798,1.9406381319419833e-06,0.020300623246760283,0.022012824283250326,acc#2022_12_4#12_29_3#-762888#10923777#137
85,0.0005793571185663328,0.04155202833958219,0.002341688544849382,5.483505241078816e-06,0.04154926631543415,0.02406983835771094,acc#2022_12_4#13_56_18#-787704#11010281#141
86,0.00035824369599927883,0.008147240295208419,0.00064013115233475,4.0976789218941496e-07,0.008145801314344276,0.018927326699755536,acc#2022_12_4#12_52_12#-761225#10949530#144
87,0.0012838609187645256,0.12727881811124378,0.007213934809106003,5.204085543003126e-05,0.12727311792453286,0.03583100499238789,acc#2022_12_4#6_21_1#-691438#10760265#175
88,0.00042487799587272434,0.02549312556217681,0.0014983115991064554,2.2449376480169437e-06,0.025490684202881878,0.020612568880969795,acc#2022_12_4#12_46_4#-761257#10941409#138
89,0.0004666214832479311,0.011601387517460754,0.0010392027501408662,1.0799423559003397e-06,0.011597686140755173,0.021601423176446758,acc#2022_12_4#13_52_25#-786811#11004932#138
90,0.0004969100644704881,0.0319234537683722,0.0016513963061267432,2.7271097598890518e-06,0.03192316426531306,0.02229147963842885,acc#2022_12_4#12_51_4#-761367#10948382#136
91,0.0004601876211131569,0.017810384561179483,0.0012475821535963313,1.5564612299720602e-06,0.01780545831756056,0.021451984083369933,acc#2022_12_4#13_25_51#-772486#10981218#137
92,0.0004450734265901785,0.009758526268133253,0.0007875191825471225,6.20186462879688e-07,0.009757692018448373,0.021096763415040198,acc#2022_12_4#14_0_15#-786080#11015363#138
93,0.000440871120316581,0.01721830690533569,0.001142707628061099,1.305780723229023e-06,0.017207522345876063,0.02099693121188382,acc#2022_12_4#13_29_23#-772484#10986302#137
94,0.0003733016216678518,0.00932795560777814,0.0007205453970705979,5.191856692396256e-07,0.009321248408899587,0.019321015026852285,acc#2022_12_4#11_27_47#-739751#10870119#142
95,0.0005938812004376771,0.040870154766711214,0.001989682841067059,3.958837808036683e-06,0.04086527848731019,0.02436967788949368,acc#2022_12_4#12_4_56#-762502#10903321#137
96,0.00047120974730485883,0.03631922866064283,0.0018910392205778634,3.576029333763733e-06,0.03631340679836093,0.021707366199169784,acc#2022_12_4#12_22_47#-762180#10916579#140
97,0.00046208589235662874,0.013326046439871498,0.0010798661263340984,1.166110850803811e-06,0.01332255733177222,0.021496183204388373,acc#2022_12_4#12_29_14#-762950#10923955#137
98,0.000403573543745424,0.02928688802175079,0.001401996897679169,1.965595301102014e-06,0.029284774618774278,0.020089139945389002,acc#2022_12_4#13_40_39#-774361#10993915#137
99,0.00043836177246045,0.013652104037124866,0.0010789359399984056,1.164102762620243e-06,0.013650107141402818,0.020937090830878344,acc#2022_12_4#13_41_11#-774894#10994485#138
100,0.00046629172025351414,0.026472850292851444,0.0013182601841361505,1.7378099130786775e-06,0.026468630245485195,0.02159378892768738,acc#2022_12_4#13_46_17#-779976#10999860#136
101,0.00044402081297894555,0.031072797043905087,0.0016482944767161722,2.7168746819730403e-06,0.03106409847457057,0.02107180137005248,acc#2022_12_4#13_15_31#-768534#10967234#136
102,0.002581598917709407,0.02784268365178896,0.003947172359124336,1.5580169632635175e-05,0.027815859246492047,0.05080943728983236,acc#2022_12_4#9_56_49#-725165#10818787#180
103,0.000594906737070208,0.00941368842867883,0.0010559132779579675,1.1149528505679398e-06,0.009406131717545061,0.02439071005670413,acc#2022_12_4#13_59_28#-786331#11014576#138
104,0.00044356421389551233,0.013893339134157906,0.0010416734360366338,1.0850835473443669e-06,0.0138925104239506,0.02106096422046038,acc#2022_12_4#13_31_48#-772605#10989694#136
105,0.00041728998766485696,0.017371450964958457,0.0012882569061273563,1.6596058561848281e-06,0.01736409333095755,0.020427677001187798,acc#2022_12_4#12_29_47#-763097#10924433#139
106,0.001178447341724558,0.09464081017545739,0.005291946228796063,2.8004694888468874e-05,0.09463315145226386,0.03432852082051538,acc#2022_12_4#13_51_59#-786448#11004405#149
107,0.0004542393325594469,0.009795674655571402,0.000901073084507851,8.119327036244927e-07,0.009793146099427748,0.021312891229475342,acc#2022_12_4#10_57_44#-734048#10841581#153
108,0.0005824779758076133,0.02020937454459094,0.0013397613397927526,1.7949604476032712e-06,0.02020656865008202,0.02413458049785853,acc#2022_12_4#8_34_44#-709935#10793141#151
109,0.0004561557368022211,0.015927034625676805,0.001195903522178217,1.4301852343582654e-06,0.015913865381908986,0.021357802714750903,acc#2022_12_4#13_53_52#-787274#11006989#136
110,0.0006114324669386291,0.07970303019370324,0.0035706330248076825,1.274942019784726e-05,0.07969988070012664,0.02472716051103784,acc#2022_12_4#10_0_26#-728704#10820104#151
111,0.0004549715367297838,0.03811310882995397,0.0018034581881484556,3.2524614363997103e-06,0.03811301442952576,0.021330061807922258,acc#2022_12_4#12_49_6#-761318#10945594#141
112,0.00040954357037022566,0.02860467396748425,0.0015089947875417129,2.277065268828059e-06,0.028599045868451918,0.02023718286645218,acc#2022_12_4#12_4_23#-762623#10902730#137
113,0.0005532593234098887,0.036081692553746374,0.002151572384308031,4.629263724916946e-06,0.0360795172947587,0.023521465162907873,acc#2022_12_4#12_42_51#-761368#10936807#137
114,0.0005135368540593714,0.02886245822800337,0.001760535826416649,3.099486396096553e-06,0.028857437238357105,0.022661351549706197,acc#2022_12_4#12_50_27#-761469#10947533#142
115,0.0004759187111766199,0.008370720378349253,0.0008418578965869792,7.08724718045853e-07,0.008367161953412477,0.02181556121617365,acc#2022_12_4#13_59_24#-786359#11014490#144
116,0.0005488473709831987,0.010703324501985044,0.0009979871982664582,9.959784479037352e-07,0.010696383379397632,0.02342749177746518,acc#2022_12_4#13_32_34#-772586#10990365#139
117,0.0005371051272654651,0.012637608928247281,0.0009879780059139918,9.761005401697874e-07,0.012634412612127223,0.0231755286296875,acc#2022_12_4#13_55_3#-787633#11008650#143
118,0.0016857900691294018,0.13002879187480276,0.007074593870151404,5.0049878427583814e-05,0.12991575510855655,0.04105837392212948,acc#2022_12_4#6_20_54#-691440#10760271#178
119,0.0005219602123577714,0.019817948821037365,0.0014150466620808284,2.0023570558660944e-06,0.0198155276331865,0.02284644857210353,acc#2022_12_4#12_30_20#-763068#10924928#139
120,0.0005627696451880742,0.0210258991054659,0.0015158121724105312,2.297686542027934e-06,0.0210197907227047,0.023722766389864276,acc#2022_12_4#10_48_22#-733406#10835153#156
121,0.001953164349296369,0.026192490171446342,0.0033153961386266843,1.099185155602073e-05,0.026184521088195,0.04419461900838573,acc#2022_12_4#9_55_7#-723054#10819006#272
122,0.0021352032478339452,0.06005050243613873,0.005603016567145828,3.139379465171063e-05,0.06004253212463581,0.04620825951963507,acc#2022_12_4#6_21_37#-691442#10760236#361
123,0.0029520354610004253,0.03350090116529797,0.0049648897970154485,2.46501306965081e-05,0.03348882812157199,0.054332637162210574,acc#2022_12_4#9_56_55#-725291#10818775#267
124,0.00041956832943478023,0.005550309284395203,0.0007416441066024832,5.500359808581955e-07,0.0055498118087071585,0.02048336714104349,acc#2022_12_4#12_13_56#-761854#10913298#138
125,0.00044753518230193005,0.015900280987613518,0.0009910174631925798,9.821156123526564e-07,0.015892382679713213,0.021155027352899595,acc#2022_12_4#12_51_8#-761357#10948464#138
126,0.0005034848952400012,0.009473569362990097,0.0010592156861874522,1.1219378698655553e-06,0.009470632072301362,0.02243846909305537,acc#2022_12_4#11_37_16#-748234#10879850#141
127,0.0005577891560079874,0.020492607271701335,0.0014800290534611239,2.1904859990890305e-06,0.020489661956015964,0.023617560331414152,acc#2022_12_4#9_52_41#-720819#10818795#153
128,0.0034509689257858417,0.0246142818854494,0.004549098064986692,2.0694293204865662e-05,0.024582854716007803,0.058744948087353366,acc#2022_12_4#9_57_43#-726284#10818670#173
129,0.00039538399049122747,0.00967234580071519,0.0007554889465164399,5.707635483085201e-07,0.009670467368379029,0.019884264896928613,acc#2022_12_4#12_29_17#-762966#10924001#142
130,0.0019594690856826664,0.02581501710744842,0.003140422923568555,9.862256138874868e-06,0.025790427926042317,0.04426589077023828,acc#2022_12_4#9_57_46#-726345#10818663#256
131,0.0003693676101728249,0.011291870722307373,0.0008015391714056293,6.424650432976227e-07,0.011287578970410977,0.019218938840966867,acc#2022_12_4#12_24_6#-762378#10918103#136
132,0.0004687293820062847,0.024581250897988974,0.0015890423995045119,2.5250557474230564e-06,0.024580109686079113,0.02165015893720609,acc#2022_12_4#12_39_44#-762043#10932346#138
133,0.00043576808557281425,0.008348069837136403,0.0008501089542106005,7.226852340290409e-07,0.008342440240796539,0.020875058935792595,acc#2022_12_4#13_50_56#-785662#11003091#137
134,0.0004440242325849475,0.02921816429566548,0.0019136421749231054,3.662026373644433e-06,0.02921340809957978,0.02107188251165395,acc#2022_12_4#12_43_30#-761431#10937742#138
135,0.00047662478550807,0.02752141271182199,0.001661859989938237,2.7617786261575174e-06,0.027517740011972738,0.021831738032233483,acc#2022_12_4#11_17_52#-736958#10857614#140
136,0.0006429951121933127,0.00890927647750171,0.0011551650531177826,1.3344062999446094e-06,0.008898127714352349,0.02535734828788911,acc#2022_12_4#13_59_31#-786311#11014639#153
137,0.0005598139741530298,0.013072554096494588,0.0012203949032636773,1.4893637199119602e-06,0.01305929841540355,0.023660388292524485,acc#2022_12_4#12_8_36#-762153#10907446#136
138,0.0012148052713466236,0.03805528120011399,0.0037572151925509066,1.4116666003135347e-05,0.037983865340724766,0.0348540567415993,acc#2022_12_4#6_29_58#-691454#10760183#152
139,0.001266540949110278,0.08451063660720128,0.006255255193220517,3.9128217532312254e-05,0.08450155111465651,0.03558849461708486,acc#2022_12_4#13_52_6#-786549#11004546#157
140,0.0003929291259228772,0.009207238948205297,0.0007124201027122565,5.075424027485421e-07,0.009204455708346241,0.019822439958866747,acc#2022_12_4#11_59_45#-761392#10897802#140
141,0.00046873780091395885,0.006948210003811378,0.0007030764241183617,4.943164581510624e-07,0.006945122445009291,0.021650353366953593,acc#2022_12_4#14_0_42#-785989#11015654#138
142,0.00044868972889744755,0.02027169870763399,0.0014189167313725026,2.013324690568827e-06,0.020269784290294624,0.021182297535854027,acc#2022_12_4#12_44_17#-761259#10938834#136
143,0.0003761165636529415,0.011518865039823615,0.0008376245603259606,7.016149040612588e-07,0.011513753724376494,0.019393724852460433,acc#2022_12_4#11_36_10#-747071#10878783#141
144,0.00036922194800379263,0.020429423363858383,0.0011426618403619073,1.305676081419261e-06,0.020429110234858622,0.019215148919636108,acc#2022_12_4#11_52_47#-758607#10891612#141
145,0.0004441038418180175,0.008418900955553851,0.0008215283145730731,6.749087716452741e-07,0.008404839229925916,0.021073771418946764,acc#2022_12_4#12_46_22#-761214#10941851#137
146,0.0006115028250338264,0.03678401247094686,0.0022088039741732903,4.878814996323722e-06,0.03676999890461472,0.024728583158641064,acc#2022_12_4#12_3_30#-762312#10901831#138
147,0.0005317271539677981,0.021939112878262376,0.0013969070309257433,1.9513492530497756e-06,0.021936253994471782,0.02305920974291613,acc#2022_12_4#11_27_40#-739609#10870041#141
148,0.00051523394150378,0.024222431086370698,0.001677082010532996,2.8126040700533962e-06,0.024218511143195114,0.022698765197776288,acc#2022_12_4#11_25_35#-737244#10868177#146
149,0.0004591465464950777,0.02056524148323456,0.0011120596623673718,1.2366766926646328e-06,0.02055920802625985,0.021427705114992545,acc#2022_12_4#12_28_13#-762749#10922843#143
150,0.0010588365688735152,0.11961760874083133,0.00614009708927273,3.7700792265695446e-05,0.11961525990371931,0.03253976903534374,acc#2022_12_4#6_19_7#-691425#10760320#166
151,0.000398591509430021,0.012319032775420477,0.0008778127044812912,7.705551441487587e-07,0.012315915356810201,0.01996475668346652,acc#2022_12_4#12_38_24#-762674#10928002#137
152,0.00040306630369085506,0.021356914617703636,0.0011234659690696133,1.2621757836575253e-06,0.021355130208779532,0.02007651124301369,acc#2022_12_4#13_38_48#-772735#10992090#136
153,0.0006198933861063092,0.011277815531334409,0.0013769281756383367,1.895931200866718e-06,0.011272907738007591,0.024897658245431623,acc#2022_12_4#6_16_6#-691391#10760267#156
154,0.00037024273203665,0.016549498126288986,0.0009419636136209916,8.872954493859166e-07,0.016547300285067287,0.01924169254604828,acc#2022_12_4#12_59_57#-761605#10953178#136
155,0.0005652760486643676,0.016017143395464242,0.0013103962159998536,1.7171382429067346e-06,0.016014452447913673,0.023775534666214505,acc#2022_12_4#13_52_19#-786736#11004805#137
156,0.0004341285423321282,0.033549388746631825,0.001645580564122677,2.7079353930183077e-06,0.033548730214269455,0.020835751542292114,acc#2022_12_4#12_58_47#-761233#10951814#138
157,0.0004659439122955132,0.021364753453287998,0.0012886710695191289,1.6606731254155754e-06,0.021358789517133343,0.021585733999461617,acc#2022_12_4#7_11_20#-691961#10762914#154
158,0.0017498730434267185,0.12048450815338155,0.007595443510788108,5.7690762125573186e-05,0.12045576250025142,0.04183148387789654,acc#2022_12_4#6_21_18#-691440#10760246#173
159,0.0010278433353284138,0.10607544334522402,0.005682455787489014,3.2290303776767397e-05,0.10606554775328711,0.032059995872245735,acc#2022_12_4#6_16_57#-691398#10760268#157
160,0.00033075865578588025,0.009885940778409643,0.0006318934154261036,3.992892884588663e-07,0.00988299010809254,0.018186771450311907,acc#2022_12_4#12_6_37#-762505#10905193#136
161,0.0014470660451142926,0.03408794521978974,0.0031551141100215362,9.95474504725699e-06,0.03407956886594595,0.03804032130666476,acc#2022_12_4#9_54_40#-722519#10819057#199
162,0.00048092468507896695,0.024249267173560695,0.0015717737874361092,2.4704728388712516e-06,0.024244815719581175,0.0219299950998391,acc#2022_12_4#11_33_40#-744219#10876470#143
163,0.0005628265330631816,0.01931412959833291,0.0013407894447154663,1.7977163350604083e-06,0.019308009159179344,0.023723965373924773,acc#2022_12_4#13_55_50#-787906#11009646#140
164,0.00044454900415990585,0.01052863484049977,0.0008930592041928542,7.975547421935741e-07,0.010523088207360651,0.021084330773346965,acc#2022_12_4#12_43_16#-761371#10937415#138
165,0.0004230896811973301,0.020228248898232586,0.0011676394788292935,1.3633819525207441e-06,0.02022348141380173,0.02056914391017113,acc#2022_12_4#12_3_18#-762165#10901663#140
166,0.0006315224091785373,0.021570748814900068,0.001598012137815151,2.5536427926045492e-06,0.021565802406268292,0.02513010961334107,acc#2022_12_4#11_22_14#-735975#10863844#146
167,0.00047613389311949167,0.009303772808697259,0.0009060579398034154,8.209409902808095e-07,0.009297665164488367,0.02182049250405434,acc#2022_12_4#11_34_37#-745288#10877377#146
168,0.0005529659304488825,0.03550642736594187,0.0017990660616562645,3.2366386942033824e-06,0.035493679384677713,0.023515227629110513,acc#2022_12_4#12_13_0#-761786#10912547#142
169,0.002220670219055853,0.022626022162479126,0.0033053229110219327,1.0925159546126503e-05,0.02261344474065349,0.04712398772446845,acc#2022_12_4#9_55_53#-724015#10818908#165
170,0.0012007416201273446,0.01595963031130034,0.0018637621559985046,3.4736093741321943e-06,0.015943067663038126,0.034651718862523176,acc#2022_12_4#9_57_9#-725588#10818745#279
171,0.0004656010813617123,0.03269370080697339,0.0018542967246399829,3.4384163430105685e-06,0.032687638998162016,0.021577791392116855,acc#2022_12_4#12_8_49#-762129#10907695#138
172,0.0004904651879970389,0.023070247725731265,0.0015764602131903718,2.4852268037722326e-06,0.023068041801761523,0.022146448654288543,acc#2022_12_4#13_2_48#-763193#10956994#137
173,0.00036247222584980475,0.0108311038569032,0.0006959629092913163,4.84364371109233e-07,0.010829370208773897,0.0190387033657706,acc#2022_12_4#12_52_15#-761220#10949571#138
174,0.0004363137294929472,0.01066674836752808,0.0008996211286744907,8.093181751575645e-07,0.010662120131765361,0.02088812412575498,acc#2022_12_4#13_42_54#-776594#10996307#138
175,0.0006262746607612571,0.0234554251298276,0.001715366707021107,2.942482939556437e-06,0.023453063767688565,0.025025480230382337,acc#2022_12_4#10_36_46#-735420#10827584#151
176,0.0003956950242077988,0.01276101044088267,0.0008195639357833345,6.716850448366696e-07,0.012758406312395401,0.019892084461106605,acc#2022_12_4#10_46_15#-733539#10833509#152
177,0.0005721172267348914,0.01747480777986862,0.001342101226108217,1.8012357011211795e-06,0.01747261860239074,0.02391897210866076,acc#2022_12_4#13_58_48#-786620#11013684#138
178,0.0009490078236699276,0.032337575367449016,0.003182323997877251,1.0127186027465448e-05,0.03233102916886563,0.030805970584773457,acc#2022_12_4#6_29_37#-691438#10760213#152
179,0.0013421803926908543,0.02500416816896805,0.0023814595361849188,5.671349522486089e-06,0.024996290552417026,0.03663578022495023,acc#2022_12_4#9_57_27#-725961#10818704#292
180,0.0005658873268964237,0.0232333342784121,0.0015017470598356992,2.255244231725167e-06,0.02323188115137099,0.023788386386983537,acc#2022_12_4#13_56_14#-787734#11010188#138
181,0.0004748536246407722,0.04945824915833698,0.002559776744138353,6.552456979831549e-06,0.049451291459809386,0.021791136377912287,acc#2022_12_4#11_54_29#-760324#10892535#138
182,0.0008502785081945804,0.046779651006156685,0.004029207580679399,1.6234513728204332e-05,0.046778797250202515,0.02915953545916979,acc#2022_12_4#6_29_55#-691452#10760188#152
183,0.0005384962424627536,0.018677367496540486,0.0012538773344597345,1.5722083698718486e-06,0.018674330798987778,0.023205521809749368,acc#2022_12_4#12_25_25#-762576#10919633#138
184,0.003804570203498231,0.04618960631821831,0.006322952278828623,3.997972552034408e-05,0.04618079787176285,0.06168119813604654,acc#2022_12_4#9_55_33#-723602#10818950#474
185,0.00035376895806421067,0.01313382548890069,0.0008411714849914439,7.075694671627108e-07,0.013132026147352606,0.018808746849915618,acc#2022_12_4#12_38_36#-762674#10928002#144
186,0.00046376601601838123,0.016047790471623323,0.001089606140736501,1.1872415419306915e-06,0.016045155106374498,0.021535227326833148,acc#2022_12_4#13_31_21#-772630#10989154#141
187,0.0003906674100507263,0.00979829123349542,0.0007606183471028034,5.785402699494008e-07,0.009795721318570642,0.019765308245780693,acc#2022_12_4#13_31_59#-772596#10989874#140
188,0.0004486956272041271,0.013466048941656294,0.0010079758813851553,1.0160153774541808e-06,0.013465009093285466,0.021182436762660878,acc#2022_12_4#11_32_21#-743297#10874770#146
189,0.0003831504473947172,0.00995736558577492,0.0008481174386142308,7.193031896815635e-07,0.009956742191414578,0.019574229164764503,acc#2022_12_4#12_28_22#-762754#10923018#140
190,0.0004714959144384467,0.03703715022360244,0.002046738121491602,4.189136937966972e-06,0.03703280202432653,0.021713956673956192,acc#2022_12_4#11_54_41#-760510#10892663#143
191,0.0003898922936870581,0.012051949858912262,0.0008815654585429459,7.771576576960345e-07,0.012046662585118982,0.019745690509249306,acc#2022_12_4#12_52_35#-761194#10949813#140
192,0.00047134552044266945,0.024231485853706092,0.001487949252830103,2.2139929789976613e-06,0.024228558356784995,0.02171049332564024,acc#2022_12_4#12_43_8#-761338#10937218#137
193,0.0004782486933384339,0.042853679284273145,0.0021158530096245646,4.476833958337327e-06,0.04285216411550141,0.021868897853765605,acc#2022_12_4#12_50_7#-761457#10947062#138
194,0.0003922583620439941,0.006107905351638734,0.0006778924473551108,4.595381701811017e-07,0.006107561131593524,0.019805513425407435,acc#2022_12_4#13_46_47#-780510#11000365#137
195,0.0006076209590823278,0.06717392279575772,0.0032180653365171956,1.0355944510093531e-05,0.06716708847375137,0.024649968744043627,acc#2022_12_4#9_50_25#-718563#10818137#151
196,0.0006620464920764742,0.04909757237291671,0.002897239422823989,8.393996273165481e-06,0.049094828896642635,0.025730264127608062,acc#2022_12_4#10_36_6#-735212#10826763#165
197,0.0005482783358274333,0.00994305404482861,0.0011588673050267574,1.3429734306599793e-06,0.009939373455416223,0.023415344025391412,acc#2022_12_4#13_53_39#-787208#11006679#136
198,0.000472525452989897,0.013384866155710173,0.0011518391031187466,1.3267333194733987e-06,0.013381502656464412,0.021737650585790014,acc#2022_12_4#11_36_57#-747972#10879495#142
199,0.0004557512698330666,0.01632972713228428,0.0009610849400075115,9.236842619092418e-07,0.016323844313882997,0.02134833178103307,acc#2022_12_4#12_52_5#-761238#10949428#141
200,0.0016078827315704643,0.024182552356673204,0.002575316598947463,6.632255584814329e-06,0.024179520682464914,0.04009841308045076,acc#2022_12_4#9_54_48#-722666#10819045#452
201,0.0018860461243621345,0.013373185564855105,0.0024632606244586876,6.067652904008603e-06,0.013365002478486038,0.04342863254078045,acc#2022_12_4#9_57_16#-725735#10818729#160
202,0.0012814029991276344,0.1275742492615164,0.007076260078927035,5.0073456704616447e-05,0.12756935361052107,0.0357966897789116,acc#2022_12_4#6_21_14#-691441#10760251#177
203,0.0014726539299904882,0.014419528112521075,0.0021994719252705864,4.8376767500535e-06,0.014402238713111927,0.03837517335453337,acc#2022_12_4#9_57_30#-726022#10818698#244
204,0.0005150306800638788,0.013652837399466912,0.0010660273368266167,1.136414282861649e-06,0.013648376764937584,0.022694287388324817,acc#2022_12_4#13_59_11#-786452#11014200#136
205,0.0006612757326869364,0.0035850282363252346,0.0006412308403660495,4.111769906365501e-07,0.003579699173912265,0.025715282084529743,acc#2022_12_4#7_16_21#-692484#10764642#276
206,0.0014106969093300229,0.039901057788464894,0.004730880612376865,2.2381231368563304e-05,0.039898178184654645,0.037559245324287636,acc#2022_12_4#6_16_35#-691396#10760265#175
207,0.00042031834926168325,0.02339015692750612,0.001340852646731252,1.7978858202462032e-06,0.023389489891604123,0.02050166698738625,acc#2022_12_4#12_6_7#-762613#10904620#137
208,0.0003670337510250928,0.00727838714905749,0.0006138835300274479,3.7685298843896056e-07,0.007273111596187014,0.019158124935000628,acc#2022_12_4#12_2_51#-761790#10901321#137
209,0.0005457777990044567,0.02933401967679222,0.0018040452267307201,3.2545791800898956e-06,0.029327348965051788,0.023361887744881762,acc#2022_12_4#13_5_43#-765623#10960441#145
210,0.0004749060871522657,0.027303825355153737,0.0016218370363439373,2.6303553724568855e-06,0.027300036897922486,0.02179234010271191,acc#2022_12_4#11_51_17#-756999#10890253#136
211,0.0006706490018625132,0.04258948836842264,0.0026158334828781356,6.842584810146357e-06,0.042587033521474124,0.025896891741336706,acc#2022_12_4#12_3_34#-762354#10901891#139
212,0.0005165298184824801,0.006170435817129991,0.0008637540276048061,7.460710202035243e-07,0.0061684830853959175,0.022727292370242437,acc#2022_12_4#11_46_42#-752351#10885400#157
213,0.0029234666867581846,0.026692521208497057,0.004432160395700766,1.964404577321837e-05,0.026689998208009255,0.054069091787805945,acc#2022_12_4#9_57_49#-726404#10818661#537
214,0.00041119905241114655,0.004001131839189031,0.0006050115184112057,3.6603893741023274e-07,0.003996423162063414,0.020278043604133673,acc#2022_12_4#11_38_27#-748406#10880234#140
215,0.0004627214478034014,0.02258462710893746,0.001464610098625516,2.145082740995844e-06,0.022577918266105373,0.021510961108314092,acc#2022_12_4#13_7_21#-767092#10962292#136
216,0.00038140220212223933,0.009732269159458344,0.0007082675636961639,5.016429417840996e-07,0.009728279691028272,0.019529521297826,acc#2022_12_4#12_36_40#-762677#10927938#138
217,0.001315342876131616,0.06380631118896246,0.005025838942795909,2.52590570789239e-05,0.0638025932402444,0.03626765606062261,acc#2022_12_4#6_16_45#-691398#10760262#197
218,0.0005384423206258107,0.013211294276524546,0.0013413008891775097,1.7990880753083785e-06,0.013207257592038217,0.023204359948634883,acc#2022_12_4#13_55_59#-787843#11009846#138
219,0.0004990196976745358,0.03550429793167993,0.0021369809413672334,4.566687543766788e-06,0.03550125900086839,0.022338748793845547,acc#2022_12_4#11_58_30#-761722#10896380#143
220,0.0021890259160176613,0.029824217004102666,0.003333034278136428,1.110911749923242e-05,0.029817667229836125,0.046787027219280145,acc#2022_12_4#9_57_20#-725818#10818720#359
221,0.0008166408929394124,0.05205656755221211,0.0033893990668874014,1.1488026034617188e-05,0.05204662839325961,0.028576929382622837,acc#2022_12_4#9_58_1#-726628#10818726#158
222,0.0010107170481248756,0.05365571684886581,0.004053090905788578,1.6427545890586075e-05,0.053644488931223824,0.03179177642291911,acc#2022_12_4#6_18_33#-691402#10760322#162
223,0.0012406281209222897,0.11409117011956046,0.006138274125439869,3.7678409239044596e-05,0.11408809025293441,0.03522255131194062,acc#2022_12_4#6_20_31#-691442#10760289#170
224,0.002632230980928101,0.028473760208529413,0.0029407130879143717,8.647793465430879e-06,0.02845601569098885,0.05130527244765494,acc#2022_12_4#7_24_7#-693273#10766759#625
225,0.0004226939874519937,0.01962356933107725,0.0011189149245716887,1.2519706084292676e-06,0.01961992669422939,0.02055952303561524,acc#2022_12_4#13_6_49#-766622#10961700#137
226,0.0010905552179630556,0.006892142126556992,0.0011038679961756876,1.218524552980928e-06,0.006882220350640149,0.033023555501536406,acc#2022_12_4#7_16_24#-692485#10764642#431
227,0.0005018853850781766,0.008217905623745332,0.000984442104907522,9.691262579147524e-07,0.008217088110774718,0.02240279859924149,acc#2022_12_4#14_0_11#-786098#11015305#140
228,0.0005168670843524579,0.014295140826823356,0.0011395862508892418,1.2986568232157979e-06,0.014290995982418743,0.0227347110021759,acc#2022_12_4#8_35_44#-710276#10793756#156
229,0.0003976372556866786,0.016071717212043975,0.0009649316543920593,9.310930976477966e-07,0.016070536902699266,0.01994084390608077,acc#2022_12_4#13_19_1#-770839#10971360#139
230,0.0023873924622099295,0.032425384018278776,0.004030188661859051,1.624242065017725e-05,0.032398362693327624,0.04886095027944022,acc#2022_12_4#9_55_14#-723206#10818991#373
231,0.0005002845428986766,0.011618871509152029,0.000891596267145039,7.949439035869678e-07,0.011615604510927253,0.022367041442682502,acc#2022_12_4#11_38_31#-748406#10880234#148
232,0.0004595992478708668,0.021700439616441063,0.0012925675931896392,1.6707309829640568e-06,0.021693070641862548,0.02143826597164208,acc#2022_12_4#13_7_33#-767267#10962514#140
233,0.0005478039061535024,0.01989654538064075,0.0012955188761558801,1.6783691584761945e-06,0.019895704669868137,0.02340521108970185,acc#2022_12_4#10_4_19#-731802#10822050#150
234,0.0004895816753682345,0.024677494228330155,0.0014501761293189894,2.1030108060466063e-06,0.024673819319588588,0.022126492613341014,acc#2022_12_4#8_37_59#-710567#10795290#154
235,0.00035873426196684355,0.0082638682558601,0.0006815805538517989,4.6455205138892496e-07,0.00826192774708949,0.018940281464826323,acc#2022_12_4#13_20_39#-771743#10973586#138
236,0.0004502243005826198,0.014433061533541262,0.0010835696002730588,1.1741230786359165e-06,0.014431174788716208,0.02121848959239606,acc#2022_12_4#13_41_0#-774712#10994291#139
237,0.0005448115167309175,0.040978606834828485,0.001861765295298181,3.4661700147767227e-06,0.040968892582654674,0.023341197842675458,acc#2022_12_4#12_51_1#-761375#10948317#140
238,0.0005545822987307811,0.04812316747451145,0.002396636182882307,5.743864993100676e-06,0.04812139208415844,0.023549571094412337,acc#2022_12_4#11_25_39#-737310#10868247#141
239,0.0007920784135742752,0.04717469821964348,0.002832284499465023,8.021835485909836e-06,0.047172762372948984,0.0281438876769766,acc#2022_12_4#13_52_2#-786491#11004466#138
240,0.00040219686393814494,0.007080594529222511,0.0007326642431954703,5.367968932571912e-07,0.007079236571934029,0.020054846395276753,acc#2022_12_4#13_44_28#-778136#10997960#136
241,0.0005990109512101858,0.033797283177323355,0.0018332922455163699,3.360960457470454e-06,0.03378960125727714,0.02447470022717716,acc#2022_12_4#12_49_24#-761303#10946030#139
242,0.0011978116945966129,0.12263215766264199,0.006294689968221884,3.9623121796033216e-05,0.12263055822502421,0.03460941627067138,acc#2022_12_4#6_18_24#-691399#10760322#167
243,0.0005652567779521197,0.02324496099503599,0.001482652186831363,2.198257507115823e-06,0.023242506364117715,0.02377512939927183,acc#2022_12_4#11_21_55#-736094#10863395#142
244,0.0005566298497783886,0.019014351329936032,0.0012109777197586698,1.4664670377519074e-06,0.019000906592802583,0.023593004255041124,acc#2022_12_4#9_29_48#-710330#10810944#151
245,0.0005447889178443085,0.02803886202696195,0.0019477868448835355,3.7938735931013577e-06,0.02803544366213448,0.02334071373896498,acc#2022_12_4#12_44_32#-761229#10939197#140
246,0.0017285543322645863,0.03217584484025134,0.0029316252780673454,8.59442677100344e-06,0.03216842329831262,0.041575886427887336,acc#2022_12_4#9_57_6#-725524#10818751#312
247,0.0005422105182939835,0.027321638274165897,0.0015717919928501928,2.4705300687879805e-06,0.0273199146812598,0.023285414282206436,acc#2022_12_4#12_49_49#-761392#10946635#147
248,0.0011170178305253391,0.06058236836820353,0.005007441129094719,2.5074466661349392e-05,0.060573754522738374,0.03342181668499394,acc#2022_12_4#6_20_22#-691442#10760292#165
249,0.0004852157227055813,0.02495577450089659,0.0014670902499963534,2.1523538016343624e-06,0.024948535733292112,0.022027612732785667,acc#2022_12_4#13_53_42#-787223#11006750#138
250,0.0004260335862703086,0.006974977119738205,0.0007178430231159532,5.152986058362509e-07,0.00697283551256059,0.02064058105457084,acc#2022_12_4#13_32_38#-772589#10990408#142
251,0.0011583575768578213,0.12228759986360475,0.005955477766164843,3.546771542328379e-05,0.12227837696974303,0.034034652589057246,acc#2022_12_4#6_17_15#-691397#10760284#152
252,0.00031385315240850764,0.0026911794397151763,0.0004293480867346404,1.8433977958269627e-07,0.0026870439133711986,0.01771590111759793,acc#2022_12_4#13_10_51#-767915#10965667#137
253,0.0003981761340511598,0.012676500812774652,0.0007585161199877386,5.753467042812534e-07,0.012671401409727697,0.019954351256083466,acc#2022_12_4#13_8_45#-767904#10963932#142
254,0.0005952472613189251,0.014505049175149078,0.0012434501409546608,1.5461682530401657e-06,0.014500632309713274,0.024397689671748123,acc#2022_12_4#13_59_41#-786250#11014828#141
255,0.0010429320240447554,0.024936072585487766,0.002784899878583368,7.755667333733659e-06,0.024924844171603434,0.03229445810111629,acc#2022_12_4#14_0_54#-785973#11015710#158
256,0.0004922427859757708,0.03903919598075333,0.0019154025587004013,3.6687669618760445e-06,0.03903707110615259,0.022186545156372833,acc#2022_12_4#11_59_10#-761544#10897141#138
257,0.0005227091858044175,0.01617819120852944,0.001420043705776618,2.01652412631579e-06,0.01617492913125736,0.022862834159491634,acc#2022_12_4#13_56_21#-787682#11010348#140
258,0.0005725460053095374,0.03343043459308706,0.0019282039788402307,3.7179705840152972e-06,0.03342676041137111,0.023927933577923884,acc#2022_12_4#13_56_53#-787446#11011091#137
259,0.0005362293184314928,0.013417286149787143,0.0012333780208871493,1.521221342407501e-06,0.013414823727989076,0.02315662579978985,acc#2022_12_4#12_42_54#-761349#10936877#138
260,0.0005159129804202608,0.030705363484968533,0.001990334416432648,3.96143108923629e-06,0.03070235765428104,0.022713717890743047,acc#2022_12_4#9_4_15#-705862#10805231#159
261,0.0005791228865798118,0.0164249180354708,0.001342164051275744,1.801404340536918e-06,0.016422470364176177,0.024064972191544534,acc#2022_12_4#13_52_29#-786849#11005021#149
262,0.0005756849931061259,0.0220999477954059,0.001537089340596511,2.362643640975417e-06,0.022097652130951932,0.02399343645887612,acc#2022_12_4#13_56_25#-787652#11010439#139
263,0.00045261770331009933,0.024803594517257936,0.0013806791743801554,1.9062749825670678e-06,0.02480119206487088,0.021274813825509716,acc#2022_12_4#12_39_30#-762094#10932011#138
264,0.0004636529170957882,0.05129057137274442,0.002278985284689666,5.193773927832036e-06,0.05128924886940095,0.02153260126170984,acc#2022_12_4#12_2_21#-761564#10900803#139
265,0.0013085463434946761,0.10422650283914182,0.006175178517608821,3.8132829724337475e-05,0.10422162673943422,0.03617383506755506,acc#2022_12_4#6_18_30#-691400#10760321#161
266,0.0014170516455577031,0.11760554156433531,0.006596131668877631,4.3508952993170405e-05,0.11754159304520072,0.037643746433607045,acc#2022_12_4#6_20_58#-691440#10760268#170
267,0.000448086251069399,0.010717027143578684,0.0007972460876997567,6.356013243525682e-07,0.010713446411249482,0.021168047880458864,acc#2022_12_4#12_52_2#-761244#10949383#140
268,0.00039212858885377216,0.013227876859194864,0.0007713011803725824,5.949055108441388e-07,0.013224025692811147,0.01980223696590292,acc#2022_12_4#12_6_49#-762462#10905419#136
269,0.0012721253239030585,0.1148800400642043,0.006348803569139823,4.0307306759522554e-05,0.1148580665418557,0.035666865910857076,acc#2022_12_4#6_18_27#-691400#10760321#165
270,0.0005452191707781606,0.030128622884603662,0.0015892528432894875,2.5257245999037204e-06,0.030122129739782438,0.02334992871034429,acc#2022_12_4#12_50_55#-761390#10948185#143
271,0.0003881661925336445,0.012120821213968368,0.0008028691956408983,6.445989453090631e-07,0.012117580328383325,0.019701933725744903,acc#2022_12_4#13_5_57#-765836#10960707#136
272,0.0004903629448712362,0.019279824454403828,0.0011694704731115971,1.3676611874798628e-06,0.01927641447461701,0.02214414019263869,acc#2022_12_4#9_43_6#-715431#10812823#153
273,0.0004432575358177302,0.01960340946317364,0.001183812295464145,1.4014115508920881e-06,0.01960096601184274,0.021053682238927476,acc#2022_12_4#12_29_11#-762934#10923907#138
274,0.0005591250309818536,0.009398892688626866,0.0010480146324462689,1.0983346698214881e-06,0.009397505740731173,0.02364582481077481,acc#2022_12_4#13_59_38#-786268#11014774#142
275,0.0004762927744754608,0.015174302381925171,0.0011111170900590971,1.2345811878213959e-06,0.015167684748095484,0.021824132845899305,acc#2022_12_4#13_46_26#-780135#11000011#138
276,0.00044625886535978247,0.025780326260258255,0.0012805827115492505,1.639892081118831e-06,0.025776733703156907,0.021124840007909703,acc#2022_12_4#12_44_7#-761336#10938603#146
277,0.0004769379001339531,0.0389673632913198,0.002056195449089725,4.227939724857296e-06,0.03896211783542063,0.021838907942796797,acc#2022_12_4#12_0_6#-761359#10898202#138
278,0.00045330630471702386,0.023379657689714613,0.0014841598395394081,2.202730429301642e-06,0.023372194772306128,0.02129099116333065,acc#2022_12_4#12_50_18#-761483#10947322#137
279,0.0004634224438780616,0.027617086030529297,0.001718815571951689,2.954326970383612e-06,0.027610868089581634,0.021527248869236904,acc#2022_12_4#13_7_0#-766784#10961902#139
280,0.00046275264995322273,0.03250803455358753,0.0016643274821821843,2.7699859679468894e-06,0.032506607045331405,0.02151168635772711,acc#2022_12_4#11_54_6#-759942#10892325#140
281,0.0007745959915213708,0.04324566508002575,0.0033643629299108294,1.131893792415818e-05,0.043242483362667436,0.027831564661753582,acc#2022_12_4#6_23_51#-691442#10760225#154
282,0.0009853363757844342,0.01164279715707622,0.0015661588342264082,2.4528534940254223e-06,0.01164019868959932,0.03139006810735578,acc#2022_12_4#9_56_4#-724240#10818884#226
283,0.000560127142926173,0.02916487068871802,0.0018056664455017005,3.260431312410745e-06,0.029160981678114612,0.023667005364561292,acc#2022_12_4#11_47_18#-752951#10886048#142
284,0.0022237100633321094,0.020645178579251616,0.0036537727559765682,1.3350055352316608e-05,0.020641786668034734,0.047156230376612054,acc#2022_12_4#6_30_8#-691456#10760172#680
285,0.0010374194220802097,0.03171274054695442,0.0033472957362382194,1.1204388745838564e-05,0.03170674941957861,0.03220899598062954,acc#2022_12_4#6_14_32#-691392#10760251#162
286,0.000290708552446043,0.002864528917690957,0.00037111952301564777,1.3772970036336191e-07,0.002858126664434507,0.01705017749016247,acc#2022_12_4#13_32_54#-772598#10990545#139
287,0.0004613324368175419,0.014290482214884931,0.0010298853163211194,1.060663764773852e-06,0.014289162456212262,0.021478650721531413,acc#2022_12_4#12_49_52#-761404#10946708#136
288,0.0021502220456523836,0.030002353381523794,0.00397721564965456,1.5818244323857146e-05,0.029981409724354993,0.046370486795508016,acc#2022_12_4#9_57_3#-725461#10818758#301
289,0.0005393195569605611,0.02966488868077023,0.0015985429552102823,2.555339579652423e-06,0.02966097777683779,0.023223254659081725,acc#2022_12_4#12_13_4#-761792#10912617#139
290,0.0011037658114569047,0.10021408682464523,0.005357603215243506,2.8703912211987557e-05,0.10021037757480115,0.03322297114131884,acc#2022_12_4#6_18_39#-691405#10760321#162
291,0.0005491446551393402,0.044654977004270034,0.002430356088473913,5.906630716782218e-06,0.04465119361278618,0.023433835689859656,acc#2022_12_4#9_53_55#-721815#10819128#159
292,0.0014765816141014652,0.10803111155083009,0.006334107925975057,4.012092321790004e-05,0.10801880572818717,0.03842631408425046,acc#2022_12_4#6_20_38#-691440#10760287#154
293,0.0032598961693978304,0.029807056126695493,0.004733747229832197,2.2408362835944e-05,0.029797336622622714,0.05709550043040021,acc#2022_12_4#9_56_52#-725228#10818781#532
294,0.0005465336270405169,0.02414750513291525,0.0015124005009041776,2.2873552751352076e-06,0.02414547989475037,0.02337805866706038,acc#2022_12_4#9_37_28#-712807#10811626#179
295,0.00034819067303418737,0.0030534317800466858,0.0004932582101266203,2.433036618573171e-07,0.00305157655827489,0.01865986798008462,acc#2022_12_4#6_13_7#-691391#10760245#159
296,0.0004393868206829638,0.006177033720553512,0.0006884866135917472,4.740138170950318e-07,0.0061687713667575965,0.02096155577916305,acc#2022_12_4#12_14_42#-761893#10913776#146
297,0.0005025393848223328,0.024322162526755793,0.0013659407906062267,1.8657942434419635e-06,0.024314573121922943,0.02241739023219101,acc#2022_12_4#9_39_37#-713994#10811704#156
298,0.0005542377865019205,0.015370570861043799,0.0012017761352107938,1.4442658791621923e-06,0.015369895152867769,0.02354225534017335,acc#2022_12_4#13_52_11#-786621#11004647#228
299,0.000556097657495632,0.0063320385649126175,0.0006757249254404051,4.5660417486144103e-07,0.0063249873405683095,0.023581722954348183,acc#2022_12_4#7_8_4#-691461#10760486#189
300,0.0004479726865763249,0.017970069140047472,0.0011145118407137973,1.2421366430912566e-06,0.01795897964297758,0.021165365259695493,acc#2022_12_4#12_13_19#-761811#10912856#137
301,0.0005242463808643011,0.042178996244748336,0.0021775705618256105,4.741813551729505e-06,0.042174773167080966,0.0228964272510866,acc#2022_12_4#11_53_25#-759209#10892023#138
302,0.0003913827941674494,0.006103291757597527,0.0006720370490577722,4.516337953062784e-07,0.006102187271221738,0.019783396931959116,acc#2022_12_4#13_42_57#-776643#10996360#136
303,0.00046570331600575773,0.010216739376056255,0.0009660522239074206,9.332568993164732e-07,0.010211688311153181,0.021580160240502334,acc#2022_12_4#12_42_28#-761508#10936275#140
304,0.0004834825804692473,0.011571321083586222,0.0010719223272471843,1.1490174756510197e-06,0.011567576828552237,0.021988237320650496,acc#2022_12_4#12_59_5#-761306#10952127#136
305,0.00048156618074496,0.023416284672016285,0.001211163633360803,1.4669173467757417e-06,0.023414434485460378,0.021944616213207285,acc#2022_12_4#12_50_58#-761382#10948252#142
306,0.0004638907482699158,0.02850464503359099,0.0014829115641542808,2.1990267071024957e-06,0.028499234720254642,0.021538123137123992,acc#2022_12_4#12_51_22#-761323#10948734#139
307,0.0004566393791887402,0.022898446538194946,0.0014061502628941191,1.9772585618372e-06,0.02289408186984063,0.021369122096818582,acc#2022_12_4#13_27_34#-772384#10983706#136
308,0.0004601315731547408,0.01623458537241277,0.0012542595073683348,1.5731669118238579e-06,0.016229514038087277,0.021450677685209408,acc#2022_12_4#13_55_22#-787814#11009029#139
309,0.00046169422895578355,0.016657344894693383,0.0009732161713701585,9.471497162163896e-07,0.01665715572379324,0.0214870712046985,acc#2022_12_4#12_28_29#-762757#10923156#137
310,0.0004389342106307746,0.024940659508500728,0.0012614124837251586,1.5911614540976733e-06,0.02494006734878636,0.020950756803294113,acc#2022_12_4#13_6_57#-766739#10961846#138
311,0.0005696426439679702,0.021213413596153183,0.0015645682147458204,2.447873698592924e-06,0.021212325751643422,0.02386718760072016,acc#2022_12_4#13_53_55#-787289#11007059#138
312,0.0014593982962776348,0.03851669641288004,0.00459349369630822,2.1100184338023356e-05,0.03851411238165393,0.038202071884619486,acc#2022_12_4#6_16_42#-691398#10760263#165
313,0.0004572627315391805,0.02591042196745236,0.00135320598784149,1.8311664455300627e-06,0.025908320571986682,0.021383702474996713,acc#2022_12_4#12_10_8#-761989#10909234#138
314,0.0003520276763696787,0.010711243322469316,0.000678289277877216,4.6007634448319524e-07,0.010710979271006098,0.018762400602526284,acc#2022_12_4#12_52_21#-761210#10949651#138
315,0.002446655204752914,0.031647384455804846,0.003951592079730907,1.5615079964592035e-05,0.03160449190648637,0.049463675609005386,acc#2022_12_4#9_55_39#-723723#10818937#454
316,0.0012525191186494634,0.10136463636954147,0.006244923517840934,3.899906974368278e-05,0.10135605627188266,0.035390946845902035,acc#2022_12_4#6_18_52#-691412#10760320#174
317,0.0004507418017196216,0.013530995629015713,0.0009611173143352004,9.237464919149084e-07,0.013525586966491423,0.021230680670190998,acc#2022_12_4#12_51_18#-761332#10948660#138
318,0.0008011712113078971,0.03075694594742974,0.0023046994693465533,5.3116396440062845e-06,0.03074502067653222,0.02830496796161227,acc#2022_12_4#9_49_2#-717329#10816892#165
319,0.00042318875123031246,0.008776310639099326,0.0007228263861960855,5.224779845812925e-07,0.008773394958666221,0.020571551988858607,acc#2022_12_4#13_8_51#-767931#10964042#138
320,0.00046896083078821506,0.021639413900862232,0.0013171127862127631,1.734786091605148e-06,0.02163508237369412,0.02165550347574988,acc#2022_12_4#8_24_25#-706833#10789281#150
321,0.00047433290745859947,0.025299870360563168,0.0014712110599223891,2.1644619828379597e-06,0.025296146003402884,0.02177918518812399,acc#2022_12_4#13_20_10#-771476#10972929#138
322,0.00039847421349976307,0.01350014177352234,0.0008390231847596434,7.039599045642148e-07,0.013497953288576729,0.01996181889256996,acc#2022_12_4#13_28_55#-772431#10985619#137
323,0.0004056069996304114,0.005586073225254105,0.0006801629603504368,4.6262165263266977e-07,0.005581733897423339,0.020139687178067373,acc#2022_12_4#11_37_39#-748406#10880234#144
324,0.0003763191342839071,0.010523041201421612,0.000798003885712286,6.368102016119072e-07,0.010521717077447207,0.019398946731302373,acc#2022_12_4#12_51_35#-761300#10948933#142
325,0.00047129491488244045,0.02394429651800013,0.0012727717905880978,1.6199480309168326e-06,0.023940843191662835,0.021709327831198284,acc#2022_12_4#13_54_16#-787395#11007557#138
326,0.0004413317182921197,0.03138703616319704,0.0016006328162667953,2.5620254125101727e-06,0.0313843256116716,0.021007896569911984,acc#2022_12_4#12_7_55#-762227#10906667#137
327,0.0004622718570437004,0.00960636129618187,0.0008880532897969395,7.88638645519167e-07,0.009602997087018797,0.021500508297333354,acc#2022_12_4#13_59_46#-786223#11014915#145
328,0.0004531722847609535,0.01455509966921253,0.0011369527735945026,1.2926616093842322e-06,0.014549813755555741,0.021287843591142656,acc#2022_12_4#13_58_16#-786849#11012961#136
329,0.00037391548682518113,0.0045751493780932925,0.0005664061849705769,3.2081596637292337e-07,0.004569017461803127,0.019336894446243976,acc#2022_12_4#12_6_43#-762484#10905307#142
330,0.00044467852286750315,0.003652209967881454,0.000602161128192021,3.625980243054874e-07,0.00364966726837072,0.021087401994259587,acc#2022_12_4#6_13_4#-691391#10760245#199
331,0.0011645378275548291,0.07607531933754637,0.005301599325637538,2.8106955409600404e-05,0.07607313256627862,0.03412532531060809,acc#2022_12_4#6_28_15#-691437#10760199#219
332,0.0004885976421895325,0.02180863661202938,0.0016450981094250684,2.706347789633934e-06,0.02180593153523432,0.022104244890733826,acc#2022_12_4#12_44_41#-761270#10939412#139
333,0.0004095031294586608,0.03277691276517245,0.0015834907754569214,2.5074430359571628e-06,0.032770359064771874,0.020236183668336793,acc#2022_12_4#12_9_33#-762052#10908551#136
334,0.0009992569531612754,0.11723394979337004,0.005965350537408531,3.558540703416025e-05,0.11723078032587171,0.03161102581633939,acc#2022_12_4#6_19_14#-691431#10760319#173
335,0.0004911002169757877,0.030857942221272316,0.0016996551182931782,2.888827521140198e-06,0.03085643415990652,0.022160781055183675,acc#2022_12_4#9_53_18#-721287#10819066#152
336,0.000395811012364304,0.020002706651336362,0.0011191976543128458,1.2526033894193764e-06,0.019999247489858932,0.01989499968244041,acc#2022_12_4#13_10_19#-767622#10965368#138
337,0.00042770669293630526,0.013431610952176045,0.0009786898936608945,9.57833907953973e-07,0.013422310288013186,0.020681070884659366,acc#2022_12_4#13_10_33#-767737#10965530#136
338,0.0012768090232619786,0.12961660909503955,0.00658950736383414,4.3421607298024365e-05,0.1295966035741573,0.03573246455622644,acc#2022_12_4#6_19_10#-691428#10760319#173
339,0.0005606860213940296,0.025254369969282226,0.0015369603579168944,2.362247141808028e-06,0.02524732622870897,0.023678809543429956,acc#2022_12_4#13_41_43#-775418#10995048#137
340,0.0003911270899701357,0.00950849118334563,0.0007964650927910022,6.343566440345798e-07,0.009504206957725261,0.019776933280216517,acc#2022_12_4#13_55_33#-787912#11009260#136
341,0.00044928371247030766,0.014451601286098166,0.0009654457393166325,9.320854755646391e-07,0.014448734734634792,0.021196313652857367,acc#2022_12_4#13_31_54#-772600#10989795#142
342,0.0005253743714162594,0.021076005360456753,0.0012192910691560242,1.4866707113236403e-06,0.021074044661849162,0.022921046472974556,acc#2022_12_4#13_46_29#-780189#11000061#139
343,0.0005068208729616866,0.04484918964560366,0.0021743304439586753,4.72771287952553e-06,0.044845290405478605,0.022512682491468816,acc#2022_12_4#12_50_37#-761440#10947769#142
344,0.00042535520142528984,0.004498215487652803,0.0005885465737013135,3.463870694155556e-07,0.004493456770979587,0.020624141228795197,acc#2022_12_4#14_0_47#-785981#11015682#136
345,0.0004936985718755862,0.02339369316429355,0.001451400439101655,2.106563234624477e-06,0.02338763108030362,0.022219328789942917,acc#2022_12_4#12_2_38#-761625#10901130#136
346,0.0014664817261316042,0.13681103967071775,0.007546566203028038,5.695066145668503e-05,0.13678208667273756,0.03829466968301991,acc#2022_12_4#6_21_10#-691440#10760254#174
347,0.0004459799457257215,0.017689242598647917,0.0010602147457978253,1.1240553072071474e-06,0.01768347419007796,0.02111823727790086,acc#2022_12_4#11_47_56#-753589#10886720#140
348,0.0022583746593010014,0.018126297913366396,0.003017984144025206,9.108228293587554e-06,0.018034121725917215,0.04752235957211091,acc#2022_12_4#9_56_31#-724790#10818827#295
349,0.00035890997515551805,0.011371321954145898,0.0008145484690424854,6.634892084194568e-07,0.011370811192244996,0.018944919507760335,acc#2022_12_4#12_14_36#-761889#10913722#138
350,0.00038128611696157903,0.01831393390252349,0.0011460312624890843,1.3133876546023244e-06,0.018312239764410123,0.019526549028478613,acc#2022_12_4#13_18_28#-770358#10970728#140
351,0.0010096975359976809,0.010182270772924726,0.001414339102842715,2.0003550978299356e-06,0.010177770189842084,0.031775738166054945,acc#2022_12_4#13_23_10#-772171#10977282#340
352,0.0008660160303725674,0.022812541262141373,0.0019312067553793931,3.7295595320230033e-06,0.022805844155641866,0.02942815030498124,acc#2022_12_4#9_57_52#-726465#10818667#162
353,0.0023744154570465286,0.03385189573177464,0.0039138741806759025,1.531841110216147e-05,0.033835510920424014,0.04872797407082023,acc#2022_12_4#9_56_7#-724301#10818877#455
354,0.0016244269455198757,0.09313077826978221,0.007159646385972267,5.1260536372165745e-05,0.09308925427904184,0.04030418024870219,acc#2022_12_4#6_20_25#-691443#10760291#177
355,0.0012287783988012906,0.11895353308931708,0.0060558252999722085,3.6673020063783486e-05,0.11892526855684817,0.03505393556794002,acc#2022_12_4#6_18_42#-691406#10760322#168
356,0.0004750971800939328,0.02139688524989821,0.0012653753542018079,1.6011747870213505e-06,0.021388937865785298,0.02179672406794041,acc#2022_12_4#13_52_47#-786948#11005449#141
357,0.0008883435491186901,0.021828793873062045,0.002140892723755207,4.5834216546279885e-06,0.021826271857640852,0.02980509267086231,acc#2022_12_4#9_58_22#-726960#10818944#171
358,0.0009365464572582239,0.03757100115682177,0.003361895660816233,1.1302342434215017e-05,0.037565996327084364,0.03060304653556936,acc#2022_12_4#9_56_25#-724667#10818839#364
359,0.0008827460258519839,0.018505013628088558,0.0019806381819872767,3.922927607945865e-06,0.018501095966445887,0.029711042153582966,acc#2022_12_4#9_54_37#-722464#10819061#162
360,0.002602991155681682,0.038686571388448054,0.004313202167762958,1.860371293999508e-05,0.03865833791266452,0.05101951739953723,acc#2022_12_4#9_56_17#-724503#10818856#533
361,0.0006156942676806868,0.054758244655877066,0.002674599693835868,7.153483522266917e-06,0.05475695339972396,0.024813187374472606,acc#2022_12_4#12_3_38#-762390#10901955#141
362,0.0004958510388330006,0.035473123256355286,0.0017562588671291045,3.084445208369606e-06,0.03546893700534156,0.022267712923266292,acc#2022_12_4#12_48_21#-761536#10944530#139
363,0.001074569550799636,0.10570445034779177,0.005870817211846745,3.4466494734916e-05,0.10570150894746402,0.032780627675498164,acc#2022_12_4#6_20_28#-691442#10760289#164
364,0.00045538726995178176,0.02428372796068532,0.0012748333190212104,1.6251999912866353e-06,0.024282414397299182,0.021339804824594383,acc#2022_12_4#8_29_18#-708302#10789948#156
365,0.0004983825870369959,0.018291924423304292,0.001157557257962574,1.3399388054618334e-06,0.01828869690404409,0.022324484026220982,acc#2022_12_4#12_28_54#-762835#10923624#136
366,0.0011887220052045708,0.11875762516559299,0.006386441030140715,4.07866290314648e-05,0.11875659462241496,0.03447784803616042,acc#2022_12_4#6_18_55#-691414#10760321#165
367,0.0005206092028728834,0.03323751829099055,0.0018076044978366365,3.267434020599239e-06,0.03323197551810566,0.022816862248628392,acc#2022_12_4#11_19_38#-736803#10860152#140
368,0.0004787751829048088,0.014391989818793572,0.0010700077585504976,1.1449166033582598e-06,0.014388617149530936,0.02188093194781266,acc#2022_12_4#13_55_45#-787930#11009534#138
369,0.001232000898541895,0.13778638472216123,0.006428371369100246,4.1323958459067766e-05,0.13772463237425794,0.03509987034936019,acc#2022_12_4#6_17_8#-691396#10760276#154
370,0.0005066442148389031,0.04205077315811668,0.002137073883247562,4.567084782458815e-06,0.04205066538703644,0.02250875862500869,acc#2022_12_4#7_31_51#-695596#10773122#167
371,0.00043864671053904394,0.011372997064652168,0.0009182510599559459,8.431850091102183e-07,0.011372071814877397,0.020943894349882593,acc#2022_12_4#12_47_37#-761349#10943572#142
372,0.00035643411069812453,0.009976336642457445,0.0007902807205267489,6.245436172362774e-07,0.009975589718859475,0.018879462669740485,acc#2022_12_4#13_9_13#-767979#10964421#138
373,0.00029650958998442484,0.0029626839018332294,0.0004428535815177482,1.9611929466309682e-07,0.002962105426599812,0.017219453823638684,acc#2022_12_4#12_30_47#-763025#10925218#140
374,0.0005100886481568742,0.029488958530223465,0.0016854228415823678,2.8406501549275832e-06,0.02948760563375372,0.022585142199173205,acc#2022_12_4#12_48_37#-761456#10944908#137
375,0.0009634745975343908,0.10859435838744429,0.005687363393292668,3.234610236736549e-05,0.10858598356137955,0.031039887202346447,acc#2022_12_4#6_17_4#-691397#10760273#161
376,0.0010600356332437341,0.053193009385437334,0.0047314406873661214,2.2386530978063596e-05,0.05319165287847335,0.03255818842079108,acc#2022_12_4#6_19_17#-691433#10760317#163
377,0.0005612312286085395,0.06499372015026196,0.0031555029581528064,9.95719891891111e-06,0.06499255168721033,0.023690319301531995,acc#2022_12_4#7_52_20#-697496#10778364#162
378,0.00045537574243017186,0.01332022183647451,0.0009546037592176651,9.11268337112498e-07,0.013318052544538822,0.021339534728530795,acc#2022_12_4#12_58_5#-761097#10951231#137
379,0.0004995160879652054,0.04692120928024369,0.0020951959596537104,4.389846109349232e-06,0.046918560160136284,0.022349856553571107,acc#2022_12_4#11_57_39#-761508#10895499#137
380,0.0005667623498291665,0.019032042737488042,0.0012024803831825047,1.4459590719387436e-06,0.01901875125352392,0.023806771092047877,acc#2022_12_4#8_15_49#-702865#10789565#151
381,0.0021685143187149913,0.033874458977223215,0.003832093280862546,1.4684938913231872e-05,0.03386888999907588,0.046567309549886936,acc#2022_12_4#9_55_46#-723867#10818922#366
382,0.0004731273001736165,0.016886893645222445,0.0012335348318208987,1.5216081813154127e-06,0.016883322819298704,0.021751489608153655,acc#2022_12_4#13_21_41#-771935#10975101#136
383,0.0013111101015209218,0.12224208341013568,0.0066761826518967945,4.457141480148772e-05,0.1222298653410082,0.03620925436295149,acc#2022_12_4#6_20_35#-691441#10760288#155
384,0.0004687039621166776,0.020087111520393393,0.0011748686588805284,1.3803163656197316e-06,0.020085100386765937,0.021649571869131214,acc#2022_12_4#13_7_36#-767311#10962569#137
385,0.0006404353707633175,0.010872300851990953,0.0012342085227067274,1.5232706775219224e-06,0.010867761672899484,0.02530682458870171,acc#2022_12_4#13_59_34#-786292#11014698#147
386,0.0013372226989128283,0.12864897045669674,0.007321692118073158,5.3607175471854607e-05,0.12864681437996242,0.03656805571687984,acc#2022_12_4#6_20_51#-691440#10760276#173
387,0.0031478714011403627,0.054835487698697304,0.004949027893668154,2.449287709230545e-05,0.05482871098042821,0.05610589453114853,acc#2022_12_4#9_54_43#-722575#10819053#744
388,0.00044011190567153535,0.019290150969411016,0.0011601083661154008,1.3458514211309447e-06,0.0192868915929553,0.02097884424060428,acc#2022_12_4#13_8_55#-767948#10964113#136
389,0.000483031141156666,0.02130032806424963,0.001139224078645793,1.297831501366356e-06,0.02129553845461939,0.02197796945026237,acc#2022_12_4#13_17_46#-769609#10970021#137
390,0.0004662548229073398,0.023072766267668045,0.001239817839264947,1.537148274559602e-06,0.023070196618635973,0.021592934559881847,acc#2022_12_4#13_9_33#-767856#10964712#138
391,0.00169145726492814,0.037151319476255114,0.004661440635796032,2.1729028801050522e-05,0.037138546731738435,0.04112732990273183,acc#2022_12_4#6_21_56#-691436#10760229#322
392,0.001164406435680655,0.025938633684336253,0.003058183219807158,9.352484605910076e-06,0.025937243868435433,0.03412340011898953,acc#2022_12_4#6_21_52#-691436#10760233#197
393,0.0005628639332055079,0.03820518220477871,0.002277311547427294,5.186147884045697e-06,0.03820271950174315,0.023724753596307546,acc#2022_12_4#12_42_6#-761580#10935747#140
394,0.00037019258775345505,0.005874328818417676,0.00065946949351596,4.3490001287819677e-07,0.005873033448349917,0.019240389490690023,acc#2022_12_4#12_46_25#-761207#10941926#140
395,0.00048321986024560414,0.01938716387500148,0.0012866169755867513,1.655383241867999e-06,0.01938513278004167,0.02198226240052657,acc#2022_12_4#9_37_37#-712914#10811634#155
396,0.0005072769070874972,0.02442198547702064,0.0014836166097997286,2.20111824487364e-06,0.024418127023736146,0.022522808596786886,acc#2022_12_4#8_15_40#-702801#10789487#154
397,0.0003783880090023482,0.009299698481363023,0.0007321431266087144,5.36033557840384e-07,0.009298340741255177,0.01945219805066636,acc#2022_12_4#12_30_33#-763044#10925088#142
398,0.000421921560760486,0.019162183874494247,0.0010907794357488656,1.189799777452614e-06,0.019157649762267803,0.020540729314230448,acc#2022_12_4#12_25_37#-762607#10919867#136
399,0.0004810011464235012,0.011653222670195116,0.0009689466732927091,9.38857655685008e-07,0.011652190699533911,0.021931738335651856,acc#2022_12_4#13_42_39#-776347#10996043#142
400,0.0004726308457065667,0.004790719125953978,0.0006830171666213081,4.6651244989939965e-07,0.0047845212223912355,0.021740074648136945,acc#2022_12_4#13_54_52#-787576#11008406#136
401,0.0004279291154839209,0.009424887707366799,0.0007767439184284513,6.033311148155847e-07,0.009422214524959662,0.020686447628433472,acc#2022_12_4#13_38_20#-772676#10991630#137
402,0.00046742992437845236,0.03292460305416939,0.001862515033595237,3.4689622503682664e-06,0.03292349035378333,0.02162012776045628,acc#2022_12_4#13_16_52#-769078#10968846#137
403,0.00045087089434257794,0.029559928187733047,0.0017671484937146467,3.122813798837945e-06,0.02955885164044527,0.021233720690038708,acc#2022_12_4#11_59_39#-761418#10897690#136
404,0.002842119385100821,0.02959561565050194,0.004694426510912353,2.2037640266356727e-05,0.02958847172286409,0.05331153144584032,acc#2022_12_4#9_55_43#-723806#10818929#191
405,0.0004263601718167543,0.013980285978632469,0.000901852454366901,8.133378494476032e-07,0.01397636197998207,0.02064849078787005,acc#2022_12_4#13_37_30#-772632#10991041#140
406,0.0018151709726906041,0.019417125511024334,0.0028547257822614104,8.149459291908021e-06,0.019415569487631557,0.04260482335006923,acc#2022_12_4#6_23_56#-691447#10760226#661
407,0.00043657810201031075,0.026632591898409,0.0015927462634552497,2.5368406597506594e-06,0.026628869484540373,0.02089445146469059,acc#2022_12_4#12_11_3#-761892#10910300#137
408,0.0038071651791501578,0.0386482679998257,0.005686349331377009,3.233456871845176e-05,0.03863399504598746,0.06170222993660892,acc#2022_12_4#9_56_34#-724852#10818821#425
409,0.0005132874079530631,0.029139488861692524,0.0017084135057112498,2.9186767064966024e-06,0.029137110448180042,0.02265584710296799,acc#2022_12_4#12_3_13#-762095#10901600#151
410,0.00045418753253715705,0.016421899163020635,0.001118276651785909,1.250542669929503e-06,0.01641965285085103,0.021311675967346094,acc#2022_12_4#11_27_11#-738987#10869700#141
411,0.0004987624625041346,0.005708292043708807,0.0007783860039934042,6.058847712128199e-07,0.005702799302861751,0.022332990451440545,acc#2022_12_4#8_29_53#-708694#10790043#158
412,0.000328089214574885,0.0071245112367089225,0.0005189851492784962,2.693455851716229e-07,0.0071176644562698736,0.018113233134227722,acc#2022_12_4#13_9_58#-767655#10965062#139
413,0.0004798784764710149,0.034700919440460457,0.0020970309232337375,4.397538692998542e-06,0.034698712386746114,0.021906128742226794,acc#2022_12_4#12_8_39#-762148#10907504#136
414,0.00042636313371068025,0.008826116844819683,0.0007773900261108732,6.043352526966641e-07,0.008825081868278148,0.02064856250954725,acc#2022_12_4#12_51_58#-761252#10949322#140
415,0.0005240754959421447,0.045323088914724356,0.002107263037880773,4.440557510818505e-06,0.04531407069695097,0.02289269525289988,acc#2022_12_4#9_53_30#-721460#10819096#155
416,0.0004439302493703317,0.017411559198978452,0.0012910595790284129,1.6668348366010228e-06,0.01740578064378311,0.021069652331501147,acc#2022_12_4#11_47_8#-752788#10885869#142
417,0.0011117008715296776,0.1024335705055686,0.0056675389802356615,3.2120998092490686e-05,0.102432655238567,0.03334217856603971,acc#2022_12_4#6_19_0#-691419#10760320#163
418,0.002073746571472556,0.04305079417617423,0.004221946558895055,1.7824832746165797e-05,0.04303744422406846,0.04553840765192121,acc#2022_12_4#9_56_20#-724565#10818849#188
419,0.0035386174279121198,0.04641135138115815,0.00616343948412146,3.7987986274427404e-05,0.0464032474045899,0.05948627932483355,acc#2022_12_4#9_56_13#-724422#10818864#351
420,0.0016744763823756366,0.14145923442862554,0.007603350434686238,5.7810937832643416e-05,0.14144189080605615,0.040920366351923546,acc#2022_12_4#6_21_4#-691438#10760261#177
421,0.00036030543161551405,0.017940823669266543,0.0009135755027367409,8.34620199200689e-07,0.017937052969801675,0.018981713084321818,acc#2022_12_4#12_38_14#-762674#10928002#136
422,0.00045082873330120596,0.018812984627626796,0.0010828913257874058,1.1726536234656054e-06,0.01880912492471148,0.021232727881767947,acc#2022_12_4#12_30_8#-763092#10924753#136
423,0.0004330339373368334,0.011144541504658264,0.0008966608978395402,8.040007657144104e-07,0.011142375189288407,0.020809467492870486,acc#2022_12_4#11_48_14#-753909#10887043#144
424,0.0005302976373745145,0.04285755341991196,0.0024222842013102144,5.867460751917063e-06,0.04285239266482518,0.02302819222984111,acc#2022_12_4#13_17_1#-769147#10969050#142
425,0.00041034824129180413,0.02675753716011578,0.0016467475033806584,2.7117773398904316e-06,0.02675571552235373,0.02025705411188419,acc#2022_12_4#13_2_27#-762997#10956529#136
426,0.0012115528857491503,0.1671488915680101,0.007295368322670575,5.3222398963425285e-05,0.16708430720612727,0.034807368268071494,acc#2022_12_4#6_17_11#-691396#10760279#154
427,0.0016812432647326505,0.0167798357658931,0.002688245666209269,7.226664761892916e-06,0.01677114520398059,0.04100296653575995,acc#2022_12_4#9_55_11#-723140#10818997#151
428,0.0005830639510660911,0.030683457196543914,0.0018929887317803388,3.5834063386473354e-06,0.030678505495892714,0.024146717190253648,acc#2022_12_4#13_56_29#-787622#11010529#139
429,0.002198000733090205,0.030344753437036343,0.0038104937587793005,1.4519862685696e-05,0.03031459156576399,0.046882840497245955,acc#2022_12_4#9_57_33#-726082#10818690#153
430,0.0013358988913240168,0.032198600373674745,0.003400671158974744,1.1564564331482628e-05,0.03219581956023866,0.036549950633674146,acc#2022_12_4#6_30_3#-691455#10760171#294
431,0.001408330782165835,0.12000375648631234,0.007374705887216387,5.438628692294403e-05,0.11999993756462979,0.037527733506912395,acc#2022_12_4#6_21_7#-691440#10760258#183
432,0.00046411646954248485,0.03759738481871936,0.0017145678223673068,2.9397428174973686e-06,0.03759609278766578,0.021543362540292658,acc#2022_12_4#12_3_4#-761970#10901486#140
433,0.00042889403500762086,0.027115692001723996,0.0013826542146183672,1.9117326772019336e-06,0.027111201429341383,0.02070975700020695,acc#2022_12_4#12_12_7#-761779#10911528#141
434,0.0003900633667774696,0.012567369834685193,0.0008144209911831266,6.632815508797063e-07,0.012559553468229406,0.01975002194372122,acc#2022_12_4#13_30_59#-772653#10988638#137
435,0.0017916619549629667,0.023995859628013507,0.0021294173456604805,4.534418231999727e-06,0.023992377161084114,0.042328028007018785,acc#2022_12_4#7_24_3#-693249#10766691#806
436,0.0012535379966830825,0.04155087104355122,0.0027360406489202785,7.485918432544098e-06,0.04154487184111083,0.03540533853366018,acc#2022_12_4#9_54_7#-721986#10819112#328
437,0.0005593483671571962,0.02796204177532289,0.0016053617871847105,2.5771864677528876e-06,0.027955183176779762,0.02365054686803661,acc#2022_12_4#11_27_24#-739269#10869854#142
438,0.00036403820444532163,0.01117378957315541,0.0007155904703462855,5.120697212504181e-07,0.011171841853775982,0.019079785230586892,acc#2022_12_4#13_8_8#-767716#10963175#139
439,0.0021064310338509197,0.0342164552817713,0.003530239805143491,1.2462593081819553e-05,0.034209895527370277,0.045895871642784164,acc#2022_12_4#9_55_36#-723663#10818944#365
440,0.0014621416738482033,0.04953722400934077,0.004818930186897409,2.3222088146191093e-05,0.049535904250668006,0.038237961162282216,acc#2022_12_4#6_16_0#-691391#10760268#166
441,0.0049837826663061986,0.04711854109071893,0.007800388546805807,6.084606148113922e-05,0.047089774461707284,0.07059591111605684,acc#2022_12_4#9_54_57#-722841#10819027#841
442,0.0005501797264381825,0.021988959453896458,0.0014588396031237462,2.1282129876422496e-06,0.02198714181685668,0.02345591026667229,acc#2022_12_4#13_56_3#-787814#11009937#144
443,0.00042820779752647086,0.027205434855761497,0.0013776735682889615,1.8979844607620398e-06,0.027203777840617633,0.020693182392432317,acc#2022_12_4#13_16_43#-769010#10968645#136
444,0.00046969908072250677,0.010639257061797388,0.0009983447061392527,9.966921522762708e-07,0.010635995142967305,0.02167254209183839,acc#2022_12_4#12_51_43#-761287#10949043#138
445,0.00044595190720814524,0.01601399647078215,0.0010613348773721154,1.1264317219264835e-06,0.016003652243511128,0.021117573421398236,acc#2022_12_4#12_13_43#-761838#10913154#138
446,0.0009838253237841473,0.02877584709429536,0.002295283921346736,5.268328279592849e-06,0.028769664464779666,0.03136598992195444,acc#2022_12_4#9_58_19#-726913#10818913#261
447,0.000387095377967015,0.014586395609271857,0.0008464411781240213,7.16462668023981e-07,0.014583846515961589,0.019674739590831058,acc#2022_12_4#12_43_11#-761350#10937291#136
448,0.00035219897287196524,0.011456706152261999,0.0006861472536535078,4.7079805369625117e-07,0.011455367042005839,0.018766964935011874,acc#2022_12_4#13_31_31#-772620#10989370#137
449,0.0005885894713623135,0.0402401265276941,0.002085487293509048,4.349257251387694e-06,0.040231369862281596,0.02426086295584544,acc#2022_12_4#13_2_54#-763249#10957127#143
450,0.0007130455629685525,0.04341933842776888,0.00247273777962299,6.1144321267748345e-06,0.04341814037223534,0.02670291300529874,acc#2022_12_4#10_58_53#-734716#10842838#151
451,0.00037470563463869796,0.009294141943108689,0.0007532883591515418,5.674433520332222e-07,0.009292131246125834,0.019357314757959015,acc#2022_12_4#13_56_39#-787550#11010761#136
452,0.0004611133202198408,0.008055078514526684,0.0007934374232739245,6.295429446515648e-07,0.008048037357955177,0.021473549315840657,acc#2022_12_4#13_55_37#-787929#11009351#138
453,0.001626645150077164,0.04154586237487901,0.0033397905251583964,1.1154200751937797e-05,0.0415288461920644,0.04033168915477213,acc#2022_12_4#13_51_50#-786320#11004227#332
454,0.0004991612779314419,0.017218893308103497,0.001216138904988421,1.4789938362264359e-06,0.01721114667590739,0.022341917507936553,acc#2022_12_4#11_22_26#-735900#10864127#141
455,0.0005077513580357132,0.018667203055685568,0.0013619721216059357,1.8549680600317737e-06,0.01866176273849173,0.022533338812428867,acc#2022_12_4#12_45_44#-761307#10940923#146
456,0.001987802453995042,0.01839579418402417,0.0029701609961603425,8.821856343112197e-06,0.018391148393459296,0.04458477827684065,acc#2022_12_4#9_56_46#-725102#10818793#299
457,0.0003411053969384241,0.00813795599460394,0.0006819535059390632,4.6506058426257996e-07,0.008137202674670461,0.018469038874246384,acc#2022_12_4#12_40_45#-761843#10933801#136
458,0.0005224145258437953,0.015316385255329627,0.001216441793626226,1.4797306372805895e-06,0.015313209233901661,0.022856389168978447,acc#2022_12_4#11_45_57#-751597#10884584#154
459,0.0005317071942186173,0.03716905469911222,0.0018920582168962519,3.5798842961246244e-06,0.03716715520239334,0.023058776945419662,acc#2022_12_4#11_22_45#-735780#10864577#141
460,0.0005298451821298233,0.024430347071846197,0.001633626922577963,2.668736922171546e-06,0.024428668617202602,0.02301836619158326,acc#2022_12_4#12_5_39#-762699#10904080#139
461,0.0012083775113029464,0.10186147230778578,0.005860999851301658,3.435131925695806e-05,0.1018372204339971,0.03476172480333717,acc#2022_12_4#6_18_46#-691408#10760321#168
462,0.0005036620307374316,0.021637034226871934,0.0013896004743100309,1.9309894782026628e-06,0.02163489334250793,0.0224424158846019,acc#2022_12_4#8_30_59#-708719#10790913#151
463,0.0004243028169975741,0.004184304793532277,0.0007258926637864852,5.269201593390392e-07,0.0041828077017912035,0.020598612016288237,acc#2022_12_4#12_30_30#-763049#10925054#138
464,0.0036643064349599604,0.037249773853714446,0.0062051607350481494,3.8504019747783286e-05,0.03723100284258605,0.060533514972781484,acc#2022_12_4#9_55_0#-722904#10819022#623
465,0.0005182826284268568,0.026263356683590172,0.0015145167754008029,2.2937610629704456e-06,0.026260231026145057,0.02276582149685921,acc#2022_12_4#11_27_29#-739377#10869913#141
466,0.0005948438678184124,0.03212099213948954,0.0019428276603709177,3.7745793179023337e-06,0.0321162952423193,0.024389421227622693,acc#2022_12_4#13_53_13#-787075#11006065#137
467,0.0016437186379356563,0.11918680964786703,0.007247162208974945,5.2521360083194606e-05,0.11917706281718148,0.04054280007517557,acc#2022_12_4#6_20_41#-691441#10760284#171
468,0.00047192751701950584,0.016999644615569322,0.0011092518717437801,1.2304397149670795e-06,0.016996035202803763,0.02172389276855108,acc#2022_12_4#12_48_15#-761566#10944389#136
469,0.0037966371224913724,0.04387057659990626,0.005784657389690434,3.346226111610015e-05,0.04386756707096261,0.061616857453876794,acc#2022_12_4#9_57_40#-726222#10818674#318
470,0.006066243142162981,0.04909042720791066,0.008559968551310419,7.327306159942337e-05,0.04899613393688844,0.07788609081320606,acc#2022_12_4#9_56_38#-724935#10818811#923
471,0.00045059078923589735,0.011764741401990861,0.0010104302136351748,1.0209692166268247e-06,0.01176208426403407,0.021227123904003043,acc#2022_12_4#13_52_32#-786870#11005092#139
472,0.0015946774015146573,0.00943677812866376,0.001561051472388273,2.436881699445595e-06,0.009432960148662958,0.03993341209456885,acc#2022_12_4#7_8_7#-691461#10760498#786
473,0.0005593303707409053,0.030087023207132114,0.0019042110505308003,3.6260197249636144e-06,0.03008489588168684,0.023650166399856586,acc#2022_12_4#12_49_57#-761422#10946827#139
474,0.00040129345258631304,0.009003668837540462,0.0008401724532943085,7.058897512745769e-07,0.009003189574140022,0.020032310215906526,acc#2022_12_4#11_48_18#-753973#10887108#141
475,0.00033336225226862615,0.0055678972620051,0.0006150062996961878,3.782327486659971e-07,0.005566269424761153,0.018258210543988865,acc#2022_12_4#13_10_43#-767838#10965609#138
476,0.002311533890803349,0.027721217219399078,0.003584126242708776,1.2845960923673726e-05,0.027718868080313857,0.048078413979699336,acc#2022_12_4#9_57_0#-725398#10818764#510
477,0.0004277367704011889,0.006411834497398185,0.0007310839431593481,5.34483731945421e-07,0.00640794981895156,0.020681798045653305,acc#2022_12_4#12_14_39#-761891#10913750#141
478,0.0015073166792779265,0.01722309662445767,0.0024040401399507633,5.779408994494485e-06,0.017220389427121244,0.03882417647906941,acc#2022_12_4#9_55_56#-724077#10818901#193
479,0.0005183767878682828,0.021113845417603295,0.0013692478341871762,1.8748396314262726e-06,0.021106671638018427,0.02276788940302291,acc#2022_12_4#12_8_53#-762122#10907773#139
480,0.0004271912547809428,0.019823678583610192,0.0010929475466970417,1.1945343398310822e-06,0.01981806469381393,0.020668605535471975,acc#2022_12_4#13_55_40#-787935#11009419#137
481,0.0004665077301564067,0.012923309164090178,0.0010641296692936017,1.1323719530709102e-06,0.012921593306229247,0.021598790016026517,acc#2022_12_4#12_39_23#-762118#10931842#139
482,0.0005975183174435264,0.027293261003714382,0.0018855614110302626,3.5553418347664344e-06,0.02728834314519505,0.02444418780494714,acc#2022_12_4#13_28_41#-772412#10985281#143
483,0.0011035922017711322,0.1226085591968802,0.0058582594484980705,3.431920376591692e-05,0.12260569011218195,0.03322035824266698,acc#2022_12_4#6_18_21#-691399#10760322#159
